Vehicle Number,Failure Month,Mileage at Failure,Labor Hours,Labor Cost,Material Cost,State,,,,,
1,8,863,1.1,$66.30,$697.23,MS,,,,,
2,10,"4,644",2.4,$233.03,$119.66,CA,,,,,
3,15,"16,330",4.2,$325.08,$175.46,WI,,,,,
4,0,13,1,$66.64,$0.00,OR,,,,,
5,13,"22,537",4.5,$328.66,$175.46,AZ,,,,,
6,21,"40,931",3.1,$205.28,$175.46,FL,,,,,
7,11,"34,762",0.7,$49.17,$145.20,LA,,,,,
8,5,"11,051",2.9,$208.80,$270.04,GA,,,,,
9,8,"7,003",3.4,$212.06,$119.66,WA,,,,,
10,1,11,0.7,$44.43,$0.00,PA,,,,,
11,17,"24,879",3.5,$260.29,$119.66,TX,,,,,
12,3,"5,339",3.2,$236.93,$440.13,LA,,,,,
13,14,"29,782",10,$695.10,$228.12,FL,,,,,
14,19,"56,111",2,$116.00,$183.31,OH,,,,,
15,13,"21,946",3.8,$312.36,$175.46,MA,,,,,
16,8,"3,101",3.1,$220.61,$119.66,VA,,,,,
17,15,"41,965",0.9,$66.25,$119.66,OH,,,,,
18,3,"15,365",2,$158.94,$175.46,CO,,,,,
19,12,"44,865",4.9,$319.51,$119.66,FL,,,,,
20,8,"14,025",1.4,$87.42,$1.85,NH,,,,,
21,18,"29,987",2.6,$182.17,$128.21,IN,,,,,
22,11,"20,694",2.3,$194.48,$119.66,CA,,,,,
23,16,"20,879",0.2,$10.57,$0.00,MT,,,,,
24,20,"17,503",4.1,$308.60,$119.66,NY,,,,,
25,17,"24,568",4.8,$373.44,$119.66,TX,,,,,
26,11,"14,400",2.1,$145.79,$119.66,UT,,,,,
27,18,"12,220",0.8,$66.93,$119.66,MA,,,,,
28,8,"14,319",1.9,$141.10,$119.66,VA,,,,,
29,0,5,0.5,$34.01,$8.23,MA,,,,,
30,10,"34,644",4.7,$341.22,$119.66,FL,,,,,
31,17,"24,719",2.4,$147.98,$119.66,NY,,,,,
32,4,"13,259",2.5,$170.77,$119.66,VA,,,,,
33,6,"12,424",1.7,$148.60,$145.30,NJ,,,,,
34,5,"7,702",2.7,$165.97,$323.31,MI,,,,,
35,0,10,3,$176.18,$118.47,NY,,,,,
36,9,"15,017",3.7,$286.01,$119.66,UT,,,,,
37,17,"19,489",0.5,$37.53,$0.00,MA,,,,,
38,7,"5,461",0.8,$55.67,$119.66,MN,,,,,
39,5,"11,912",9.5,$543.49,$119.66,WI,,,,,
40,8,"20,370",0.7,$56.60,$128.21,IL,,,,,
41,4,"3,879",1.8,$122.25,$175.46,CA,,,,,
42,17,"20,831",1.3,$107.21,$119.66,CT,,,,,
43,3,"4,417",4.9,$365.68,$119.66,MN,,,,,
44,6,"6,781",0.8,$47.60,$119.66,SC,,,,,
45,4,"6,244",3.3,$267.30,$204.95,CA,,,,,
46,22,"41,053",4,$286.91,$119.66,NC,,,,,
47,13,"7,987",4,$364.38,$119.66,MA,,,,,
48,15,"13,394",4.1,$325.92,$171.04,CA,,,,,
49,6,"7,219",4.5,$314.40,$0.00,OH,,,,,
50,15,"1,723",1.9,$128.09,$119.66,TX,,,,,
51,3,"2,855",0.9,$59.07,$119.66,PA,,,,,
52,15,"17,635",0.7,$53.72,$119.66,LA,,,,,
53,19,"14,796",16.4,"$1,268.21",$276.50,NM,,,,,
54,15,"28,904",1.4,$93.68,$119.66,ME,,,,,
55,14,"48,247",2.9,$196.37,$369.16,TX,,,,,
56,23,"90,325",0.8,$50.85,$119.66,MS,,,,,
57,13,"22,603",2.6,$166.55,$118.47,SD,,,,,
58,13,"20,740",4.2,$295.94,$181.93,FL,,,,,
59,12,"24,008",4.1,$255.84,$119.66,NM,,,,,
60,15,"44,338",0.8,$55.53,$175.46,ID,,,,,
61,2,"2,424",1.8,$129.41,$119.66,TX,,,,,
62,9,"65,383",15.4,"$1,051.68","$1,193.46",TX,,,,,
63,15,"1,659",1.6,$97.29,$119.66,TN,,,,,
64,13,"28,305",1.3,$107.10,$175.46,CA,,,,,
65,3,487,1.4,$89.73,$0.00,NE,,,,,
66,19,"42,846",1.4,$89.30,$128.21,GA,,,,,
67,1,"1,776",1.3,$74.49,$119.66,OH,,,,,
68,22,"28,630",0.4,$30.84,$119.66,FL,,,,,
69,21,"49,185",3.8,$262.33,$119.66,NC,,,,,
70,10,"22,389",5.9,$410.10,$119.66,FL,,,,,
71,18,"80,064",3.9,$303.01,$175.46,CA,,,,,
72,4,"14,587",3.1,$246.09,$125.68,SC,,,,,
73,16,"36,876",7.1,$646.62,$119.66,CA,,,,,
74,11,"33,459",0,$0.00,$0.00,FL,,,,,
75,2,"4,907",8.7,$693.23,$340.74,MO,,,,,
76,9,"30,838",9,$659.88,$671.75,FL,,,,,
77,0,4,1.5,$117.41,$0.00,GA,,,,,
78,14,"10,481",1.5,$110.40,$119.66,VA,,,,,
79,7,"7,863",1.2,$95.48,$119.66,MD,,,,,
80,19,"33,146",2.6,$205.42,$119.66,LA,,,,,
81,9,"26,962",2.6,$207.18,$119.66,MO,,,,,
82,10,"33,543",3.5,$287.70,$175.46,MN,,,,,
83,15,"32,672",5.2,$413.92,$311.89,MO,,,,,
84,1,23,2.2,$144.28,$185.96,GA,,,,,
85,8,"14,978",3.7,$247.77,$400.89,NY,,,,,
86,11,"7,874",1.3,$102.57,$404.78,WA,,,,,
87,7,"12,387",2.6,$207.04,$206.14,UT,,,,,
88,13,"62,676",3.9,$241.29,$119.66,TX,,,,,
89,0,14,3,$202.00,$118.36,AL,,,,,
90,18,"46,505",3.2,$229.02,$119.66,FL,,,,,
91,11,"13,359",2.4,$164.40,$119.66,CO,,,,,
92,3,"16,054",1.3,$77.92,$358.93,IA,,,,,
93,21,"37,693",14.3,$871.43,$401.10,MS,,,,,
94,18,"32,320",2.6,$206.40,$119.66,SC,,,,,
95,11,"11,558",1.4,$121.71,$119.66,CA,,,,,
96,10,"14,951",3.5,$224.24,$119.66,TX,,,,,
97,15,"19,145",7,$531.26,$180.29,AZ,,,,,
98,2,"6,060",3.9,$318.96,$119.66,WA,,,,,
99,3,235,1.3,$76.55,$118.36,OK,,,,,
100,16,"22,157",3.1,$225.37,$128.21,GA,,,,,
101,24,"2,841",0.7,$46.62,$125.29,TX,,,,,
102,4,"7,104",1.9,$142.64,$119.66,TX,,,,,
103,15,"54,704",5.9,$392.47,$119.66,FL,,,,,
104,8,"6,682",3.7,$245.15,$0.00,IN,,,,,
105,7,"13,062",4,$245.46,$119.66,FL,,,,,
106,22,"33,096",2.9,$244.35,$162.05,FL,,,,,
107,15,"48,917",7.2,$520.37,$175.46,OH,,,,,
108,15,"16,559",1.5,$103.40,$119.66,TN,,,,,
109,1,"2,702",4.8,$283.98,$379.53,MO,,,,,
110,3,"20,309",6.8,$514.19,$175.46,TX,,,,,
111,5,"8,476",4.8,$312.99,$119.66,FL,,,,,
112,10,"35,021",1.4,$74.57,$119.66,SC,,,,,
113,12,"11,959",2.7,$218.94,$12.71,AZ,,,,,
114,9,"18,862",3.5,$229.73,$119.66,PA,,,,,
115,11,"22,210",1.1,$73.55,$0.00,MI,,,,,
116,4,"17,580",2.4,$141.60,$128.21,GA,,,,,
117,14,"17,261",2.3,$159.66,$320.89,TX,,,,,
118,8,"16,987",5.3,$392.04,$217.75,CT,,,,,
119,5,"30,701",5.6,$429.92,$773.99,MI,,,,,
120,20,"43,954",3.2,$221.44,$175.46,TX,,,,,
121,10,"14,632",2,$120.67,$119.66,TN,,,,,
122,15,"20,634",0.7,$37.86,$165.83,GA,,,,,
123,9,"22,807",1.4,$82.68,$119.66,MN,,,,,
124,5,"13,130",3,$213.90,$174.89,KS,,,,,
125,9,"5,066",3.9,$256.47,$119.66,TX,,,,,
126,15,"17,636",1,$64.86,$184.69,AL,,,,,
127,9,"14,319",4.4,$280.64,$119.66,FL,,,,,
128,16,"28,544",1.7,$126.62,$0.00,TX,,,,,
129,14,"42,053",4.7,$373.21,$119.66,TX,,,,,
130,18,"32,262",0.5,$34.70,$119.66,SC,,,,,
131,20,"63,877",2,$149.36,$119.66,MA,,,,,
132,19,"20,970",1.8,$141.11,$119.66,TX,,,,,
133,12,"11,586",2.4,$158.63,$119.66,KS,,,,,
134,5,"9,377",4.5,$308.22,$119.66,CO,,,,,
135,7,"17,500",3.9,$299.34,$119.66,AZ,,,,,
136,0,10,0.8,$54.11,$0.00,CA,,,,,
137,13,"23,723",2,$133.65,$175.46,TX,,,,,
138,18,"23,882",5.3,$453.59,$0.00,CA,,,,,
139,8,"25,089",4.8,$365.60,$175.45,TX,,,,,
140,12,"34,795",4.6,$391.00,$338.48,CO,,,,,
141,16,"51,253",0,$0.00,$0.00,IN,,,,,
142,1,574,1.9,$151.29,$119.66,UT,,,,,
143,14,"41,967",3.3,$232.21,$119.66,TX,,,,,
144,2,"2,016",1.5,$106.44,$175.45,CO,,,,,
145,9,"7,065",2.4,$169.52,$119.66,OH,,,,,
146,8,"15,047",5.3,$453.59,$119.66,CA,,,,,
147,1,515,10.4,$813.10,$276.89,WA,,,,,
148,4,"6,645",1.7,$124.54,$119.66,OR,,,,,
149,2,"2,965",1.3,$89.46,$119.66,OH,,,,,
150,6,"17,642",3.5,$297.50,$426.67,CO,,,,,
151,16,"58,110",5.6,$353.55,$119.66,TX,,,,,
152,9,"35,616",0.7,$46.84,$133.32,TX,,,,,
153,2,178,2,$157.80,$9.55,TX,,,,,
154,18,"35,299",2.3,$172.80,$119.66,OK,,,,,
155,11,"64,935",4.8,$351.88,$486.54,FL,,,,,
156,13,"26,224",4.1,$261.51,$119.66,FL,,,,,
157,11,"23,614",1.6,$140.21,$119.66,MN,,,,,
158,12,"42,660",0.7,$37.80,$126.04,MO,,,,,
159,14,"50,039",1.1,$71.61,$160.19,OH,,,,,
160,16,"17,156",4.2,$372.54,$128.21,IL,,,,,
161,7,"24,984",4.8,$310.24,$119.66,TX,,,,,
162,9,"40,878",8.6,$425.87,"$1,004.68",AR,,,,,
163,3,"15,975",1.3,$99.14,$8.11,NY,,,,,
164,9,"27,850",3.3,$231.00,$175.46,OH,,,,,
165,14,"25,922",1.5,$121.01,$201.70,PA,,,,,
166,13,"27,483",0.7,$42.98,$128.21,GA,,,,,
167,5,"33,287",3.8,$243.20,$119.66,FL,,,,,
168,15,"45,045",1,$59.62,$119.66,NC,,,,,
169,7,"15,843",10.2,$519.81,$169.34,TN,,,,,
170,18,"31,253",3.4,$287.08,$119.66,CO,,,,,
171,19,"32,189",5.2,$418.74,$175.46,AZ,,,,,
172,5,"24,654",2.5,$175.56,$119.66,LA,,,,,
173,1,"5,512",1.6,$106.44,$119.66,TN,,,,,
174,9,"30,053",3.6,$304.42,$119.66,CA,,,,,
175,8,"75,554",4.3,$273.34,$128.21,GA,,,,,
176,8,"4,287",3,$222.59,$404.78,FL,,,,,
177,4,"5,365",2.2,$128.01,$118.47,MI,,,,,
178,10,"17,204",1.2,$78.92,$137.55,TX,,,,,
179,1,"2,402",4.1,$334.18,$203.14,CO,,,,,
180,8,"23,937",5.2,$317.00,$261.94,TX,,,,,
181,11,"29,004",0.9,$51.45,$119.66,TN,,,,,
182,11,"31,319",1.1,$90.72,$0.00,CT,,,,,
183,23,"2,943",5.9,$359.66,$119.66,TX,,,,,
184,6,"8,096",9.2,$957.81,$149.45,CA,,,,,
185,12,"27,223",2.6,$208.00,$119.66,MO,,,,,
186,14,"28,145",0.8,$50.19,$128.21,IL,,,,,
187,17,"29,406",4,$293.21,$175.46,LA,,,,,
188,9,"11,418",5,$376.64,$206.14,FL,,,,,
189,12,"45,366",6.9,$529.27,$175.46,TX,,,,,
190,19,"24,244",1.6,$125.48,$0.00,MN,,,,,
191,18,"43,203",8.5,$526.15,$207.87,TN,,,,,
192,8,"32,021",7.4,$575.72,$317.72,TX,,,,,
193,3,"3,526",3.2,$233.57,$119.66,LA,,,,,
194,15,"65,090",2.9,$188.99,$175.46,TX,,,,,
195,6,362,5,$340.50,$118.36,OH,,,,,
196,9,"50,146",1.7,$117.47,$119.66,MI,,,,,
197,10,"55,273",2.1,$145.11,$175.46,MI,,,,,
198,8,"51,431",2.1,$165.91,$119.66,OR,,,,,
199,2,"4,406",5.6,$421.28,$188.00,GA,,,,,
200,16,"28,085",1.1,$92.87,$0.00,CA,,,,,
201,12,"21,189",1.3,$105.64,$119.66,CA,,,,,
202,10,"16,189",4.4,$294.80,$119.66,TX,,,,,
203,3,"12,841",0,$0.00,$0.00,SC,,,,,
204,11,"19,143",5.5,$470.71,$259.76,CA,,,,,
205,13,"38,255",9,$628.93,$421.41,OR,,,,,
206,14,"35,191",1.5,$118.51,$175.46,MO,,,,,
207,7,"19,740",9,$655.20,$905.76,TX,,,,,
208,11,"7,729",1.6,$116.17,$119.66,OH,,,,,
209,16,"49,572",1,$50.40,$284.02,MT,,,,,
210,11,"27,623",1.7,$117.91,$206.14,LA,,,,,
211,1,850,2.6,$146.14,$400.38,TX,,,,,
212,20,"33,874",2.4,$194.63,$119.66,FL,,,,,
213,14,"21,610",3.5,$171.56,$119.66,OH,,,,,
214,6,"9,419",0,$0.00,$0.00,VA,,,,,
215,11,"16,760",0.9,$61.20,$119.66,TX,,,,,
216,17,"37,918",3.3,$224.09,$128.21,IN,,,,,
217,13,"6,321",4.2,$413.68,$161.96,NJ,,,,,
218,15,"13,369",3.8,$308.16,$596.59,CA,,,,,
219,9,"28,141",4.9,$382.77,$369.16,TX,,,,,
220,14,"19,928",2.9,$214.85,$175.46,TN,,,,,
221,15,"35,989",12.3,$863.70,$433.77,TX,,,,,
222,7,"23,570",0.8,$58.75,$175.46,NC,,,,,
223,10,"28,399",0.7,$54.53,$123.72,NY,,,,,
224,4,"23,172",6.9,$394.11,"$1,255.49",TX,,,,,
225,17,"38,149",14.6,$885.34,"$2,800.19",GA,,,,,
226,19,"17,879",1.7,$121.20,$175.46,FL,,,,,
227,8,"8,847",2.8,$203.35,$119.66,ID,,,,,
228,20,"44,797",1.4,$103.78,$128.21,IL,,,,,
229,8,"51,948",6.4,$407.57,$718.72,NC,,,,,
230,8,"9,085",1,$67.70,$119.66,OH,,,,,
231,8,"12,276",4.9,$292.89,$119.66,TX,,,,,
232,13,"67,446",5,$386.97,$471.70,TX,,,,,
233,21,"7,465",2.6,$193.11,$119.66,CO,,,,,
234,17,"5,988",3.6,$227.88,$119.66,AZ,,,,,
235,18,"11,251",4.3,$273.34,$128.21,GA,,,,,
236,3,"2,921",8.7,$530.27,$118.36,TX,,,,,
237,12,"42,810",2.3,$172.85,$127.11,FL,,,,,
238,11,"17,437",1.2,$83.11,$175.46,KY,,,,,
239,3,"7,476",1.9,$118.60,$118.36,KS,,,,,
240,7,"20,895",6.8,$533.37,$235.66,CO,,,,,
241,4,"40,281",0.2,$11.84,$128.21,GA,,,,,
242,12,"26,527",3.3,$223.46,$119.66,TX,,,,,
243,5,"16,420",0.5,$28.50,$119.66,MI,,,,,
244,4,"21,607",0,$0.00,$0.00,AL,,,,,
245,12,"11,700",1.4,$99.91,$128.21,IN,,,,,
246,19,"45,544",5.6,$410.90,$181.93,TX,,,,,
247,8,641,0.7,$48.55,$119.66,LA,,,,,
248,18,"65,844",5,$387.81,$119.66,FL,,,,,
249,1,277,5,$321.05,$0.00,FL,,,,,
250,14,"14,911",2.6,$160.25,$119.66,NC,,,,,
251,18,"17,895",3.1,$230.67,$119.66,FL,,,,,
252,0,11,2.4,$204.15,$0.00,CA,,,,,
253,1,478,1.4,$89.89,$119.66,FL,,,,,
254,7,"58,644",1.7,$117.99,$128.21,IN,,,,,
255,20,"57,564",5.4,$405.70,"$1,218.63",NC,,,,,
256,10,"20,844",1.3,$94.51,$128.21,GA,,,,,
257,11,"62,086",0,$0.00,$0.00,TX,,,,,
258,7,"25,622",2.4,$168.55,$175.46,LA,,,,,
259,7,"64,157",1.1,$86.32,$119.66,CA,,,,,
260,14,"16,749",2.6,$203.84,$128.21,GA,,,,,
261,11,"25,054",2.3,$164.61,$119.66,TX,,,,,
262,12,"31,716",2.3,$196.62,$119.66,CA,,,,,
263,10,"57,945",1,$72.70,$220.87,GA,,,,,
264,3,"8,622",5.5,$335.29,$175.46,TX,,,,,
265,12,"31,558",2.9,$230.27,$175.46,TX,,,,,
266,18,3,3.6,$234.74,$119.66,FL,,,,,
267,26,"98,508",2.1,$137.91,$175.46,NC,,,,,
268,6,"5,304",5.3,$453.59,$119.66,CA,,,,,
269,13,"20,042",2.1,$139.86,$0.00,TX,,,,,
270,6,"21,675",1.2,$81.84,$119.66,CO,,,,,
271,2,"1,705",1.4,$109.58,$128.21,GA,,,,,
272,15,"51,924",1.3,$105.13,$119.66,CA,,,,,
273,11,"30,027",3.3,$200.85,$259.76,OH,,,,,
274,4,"25,296",1.3,$89.81,$128.21,IN,,,,,
275,10,"15,222",1,$74.43,$119.66,NM,,,,,
276,17,"23,061",5.3,$453.59,$119.66,CA,,,,,
277,11,"19,090",4,$268.00,$119.66,TX,,,,,
278,16,"41,237",2.5,$143.48,$119.66,SC,,,,,
279,4,"7,057",2.6,$173.40,$175.46,TX,,,,,
280,16,"37,799",4.8,$337.90,$119.66,TX,,,,,
281,6,"4,621",2.6,$179.40,$119.66,CO,,,,,
282,2,168,1.3,$82.55,$119.66,OK,,,,,
283,8,"20,506",10.8,$722.00,$322.18,TX,,,,,
284,14,"24,921",5,$315.67,$119.66,TX,,,,,
285,18,"34,699",1.3,$96.46,$175.46,FL,,,,,
286,8,"32,410",1.9,$142.63,$121.10,TX,,,,,
287,5,"49,015",4.8,$343.76,$206.14,FL,,,,,
288,5,"5,403",5.6,$401.06,$119.66,FL,,,,,
289,1,"4,381",0.9,$55.32,$118.36,LA,,,,,
290,8,"22,502",0.7,$45.64,$150.74,MO,,,,,
291,12,"31,010",6.5,$448.46,$500.79,TX,,,,,
292,17,"68,641",4.3,$305.30,$425.60,TX,,,,,
293,16,"26,695",4.4,$327.73,$215.84,TX,,,,,
294,12,"26,454",2.7,$172.07,$261.94,FL,,,,,
295,19,"51,918",1,$75.49,$119.66,TX,,,,,
296,8,"18,532",6.3,$384.05,$374.03,TX,,,,,
297,3,"6,080",1.4,$100.65,$118.36,TX,,,,,
298,11,"18,302",3.8,$261.93,$322.18,TN,,,,,
299,16,"63,217",1.5,$99.30,$119.66,TX,,,,,
300,23,"8,228",2,$148.02,$119.66,LA,,,,,
301,1,"1,047",1.3,$83.57,$117.18,AR,,,,,
302,14,"22,647",1,$81.39,$119.66,CA,,,,,
303,4,337,0.8,$46.55,$119.66,AR,,,,,
304,15,"30,746",1.3,$106.35,$175.46,AZ,,,,,
305,13,"17,185",1.9,$141.77,$192.71,MS,,,,,
306,17,"29,830",2.2,$158.43,$119.66,TX,,,,,
307,12,"37,841",4.4,$315.95,$175.46,TX,,,,,
308,15,"27,918",8.6,$541.01,"$1,074.62",TN,,,,,
309,13,"20,516",0,$0.00,$0.00,CA,,,,,
310,13,"39,798",0,$0.00,$0.00,TX,,,,,
311,8,"2,076",13.1,"$1,121.10","$1,351.46",CA,,,,,
312,1,356,0.2,$13.41,$0.00,AL,,,,,
313,9,"14,660",3.2,$316.85,$119.66,CA,,,,,
314,7,"19,274",3.7,$292.33,$119.66,MO,,,,,
315,7,"9,503",1.4,$104.07,$175.46,MA,,,,,
316,5,"6,696",2.5,$169.29,$119.66,TX,,,,,
317,14,"32,713",0.7,$60.96,$140.45,CA,,,,,
318,14,"35,138",3.7,$259.97,$175.46,TX,,,,,
319,13,"11,612",0.2,$14.40,$1.86,CA,,,,,
320,1,35,0.6,$45.42,$0.00,OR,,,,,
321,12,"18,158",3.5,$245.59,$119.66,SC,,,,,
322,15,"48,945",1.9,$123.88,$119.66,MO,,,,,
323,14,"18,453",0,$0.00,$0.00,MD,,,,,
324,18,"18,453",0.5,$39.25,$119.66,MD,,,,,
325,10,"36,663",3.5,$240.86,$119.66,TX,,,,,
326,12,"15,530",5.6,$399.58,$214.89,IN,,,,,
327,10,"18,179",0.8,$60.61,$118.47,CA,,,,,
328,7,"10,320",1.4,$99.78,$206.14,WY,,,,,
329,3,"9,111",4.8,$307.20,$119.66,FL,,,,,
330,8,"6,074",4.3,$282.75,$0.00,SC,,,,,
331,3,"13,540",6.2,$492.17,$0.00,SC,,,,,
332,21,"10,012",4.9,$419.31,$175.46,CA,,,,,
333,8,"10,923",3.1,$231.98,$119.66,AZ,,,,,
334,19,"23,786",2.1,$149.59,$0.00,CA,,,,,
335,16,"25,313",7.5,$622.72,$183.16,NV,,,,,
336,7,"18,048",1.8,$140.45,$206.14,CA,,,,,
337,11,"13,800",2.3,$153.78,$119.66,VT,,,,,
338,17,"35,596",1.5,$115.89,$119.66,OR,,,,,
339,14,"1,512",4.4,$276.90,$119.66,FL,,,,,
340,12,"11,976",2.5,$205.00,$119.66,NM,,,,,
341,10,"23,054",2.9,$196.38,$206.14,TX,,,,,
342,14,"10,870",2.9,$175.44,$119.66,NY,,,,,
343,10,"17,464",3.7,$236.80,$119.66,OR,,,,,
344,10,"29,248",3,$274.62,$119.66,AK,,,,,
345,8,"25,478",3,$208.41,$0.00,PA,,,,,
346,12,"1,214",0.7,$53.39,$25.72,MD,,,,,
347,12,"16,814",4,$274.00,$322.18,KY,,,,,
348,10,"31,348",2.1,$135.30,$119.66,PA,,,,,
349,12,"28,365",7.9,$665.73,$238.26,AZ,,,,,
350,10,"8,660",2.1,$134.22,$119.66,NY,,,,,
351,11,"31,050",3.6,$302.40,$175.46,MO,,,,,
352,16,"48,424",7.7,$564.04,$179.79,OR,,,,,
353,14,"27,284",4.6,$356.62,$119.66,MI,,,,,
354,21,"30,855",3.7,$311.75,$119.66,AZ,,,,,
355,8,"15,194",1.7,$122.40,$175.46,TX,,,,,
356,4,"8,123",2.1,$133.96,$174.27,ID,,,,,
357,9,"26,712",5.9,$444.11,$206.14,TX,,,,,
358,20,"14,469",1,$81.17,$119.66,CA,,,,,
359,2,82,3.3,$213.15,$119.66,TX,,,,,
360,12,"27,035",2.1,$152.51,$119.66,ID,,,,,
361,1,221,1.6,$114.57,$118.36,FL,,,,,
362,11,"45,077",1.2,$93.82,$119.66,WA,,,,,
363,17,"63,821",1.6,$125.10,$175.46,WA,,,,,
364,12,"32,601",4.9,$379.79,$119.66,AZ,,,,,
365,11,"14,304",1.6,$105.66,$119.66,MA,,,,,
366,7,"7,102",2.1,$143.34,$119.66,SC,,,,,
367,21,"35,892",2.1,$153.94,$119.66,FL,,,,,
368,10,"13,190",2.8,$189.61,$119.66,TX,,,,,
369,10,"11,788",1.9,$153.26,$119.66,CA,,,,,
370,14,"34,456",0.6,$45.82,$119.66,CA,,,,,
371,12,"46,312",9.6,$717.12,$997.84,MI,,,,,
372,5,"1,133",4.4,$381.46,$206.14,CA,,,,,
373,7,"29,009",4.7,$249.87,$404.78,PA,,,,,
374,14,"48,876",4.8,$278.40,$181.21,NE,,,,,
375,0,15,1.9,$199.45,$119.66,CA,,,,,
376,7,"15,204",4.5,$331.54,$119.66,TX,,,,,
377,15,"27,839",3,$231.02,$119.66,TX,,,,,
378,8,"22,841",4.8,$378.72,$204.94,TX,,,,,
379,8,"35,190",5.4,$406.23,$128.21,IN,,,,,
380,7,"12,132",3.4,$283.32,$175.46,CO,,,,,
381,4,"5,780",3.5,$259.12,$174.27,CA,,,,,
382,15,"51,018",1.8,$119.16,$121.54,TX,,,,,
383,19,"29,278",1.7,$116.45,$119.66,OR,,,,,
384,9,"16,767",4.3,$360.70,$322.18,CA,,,,,
385,18,"40,880",5.9,$521.07,$119.66,CO,,,,,
386,17,"72,566",9.5,$527.75,$896.81,NE,,,,,
387,16,"24,324",1.3,$99.06,$272.34,ID,,,,,
388,20,"49,860",6.7,$533.99,$175.46,TX,,,,,
389,3,"3,416",2.9,$200.32,$119.66,FL,,,,,
390,1,615,2.6,$192.92,$175.46,FL,,,,,
391,4,"6,822",3.1,$220.06,$119.66,WA,,,,,
392,11,"10,401",3.4,$246.93,$119.66,ID,,,,,
393,5,"6,021",2.7,$199.04,$369.16,CA,,,,,
394,13,"23,472",0.8,$53.04,$119.66,NV,,,,,
395,0,10,3.6,$308.47,$117.18,CA,,,,,
396,12,"6,724",6.7,$529.02,$119.66,OR,,,,,
397,22,"55,262",4.1,$306.80,$119.66,FL,,,,,
398,18,"18,543",3,$232.58,$119.66,AZ,,,,,
399,3,"8,370",5.1,$400.66,$118.47,AZ,,,,,
400,1,"2,361",3.6,$272.25,$322.91,TX,,,,,
401,5,"15,683",0.8,$45.87,$119.66,KS,,,,,
402,14,"1,336",3.6,$284.42,$175.46,MO,,,,,
403,7,"6,136",2,$216.77,$175.46,CA,,,,,
404,7,"12,882",1.7,$108.57,$119.66,FL,,,,,
405,2,"2,158",4.3,$298.39,$119.66,FL,,,,,
406,5,"3,377",3.3,$255.09,$119.66,UT,,,,,
407,1,218,3.4,$266.13,$119.66,AZ,,,,,
408,12,"14,282",0.9,$72.57,$119.66,OR,,,,,
409,2,"1,591",3.2,$253.86,$175.46,CA,,,,,
410,20,"55,590",1.8,$121.32,$175.46,TX,,,,,
411,20,"40,360",1.4,$223.70,$119.66,MO,,,,,
412,11,"14,742",3.7,$243.30,$231.76,WI,,,,,
413,7,"3,618",3.4,$229.07,$175.45,OR,,,,,
414,2,56,3.8,$253.08,$119.66,TX,,,,,
415,21,"46,519",2.1,$166.75,$175.46,TX,,,,,
416,6,"13,923",3,$200.07,$119.66,FL,,,,,
417,23,"66,848",1.3,$107.36,$128.21,GA,,,,,
418,2,"5,240",1.3,$79.86,$118.36,NM,,,,,
419,11,"19,585",1.2,$91.64,$55.80,CA,,,,,
420,6,"8,036",1.7,$125.32,$0.00,CA,,,,,
421,7,"8,669",2.6,$191.67,$119.66,CA,,,,,
422,8,"19,080",7.5,$628.55,"$1,219.02",CA,,,,,
423,5,"7,200",5.4,$519.13,$175.46,NY,,,,,
424,14,"28,782",0.2,$16.60,$119.66,UT,,,,,
425,0,7,2.9,$226.99,$345.20,GA,,,,,
426,16,"8,583",1,$68.50,$119.66,TX,,,,,
427,8,"19,618",0.7,$56.88,$164.08,CO,,,,,
428,8,"17,917",1,$75.13,$119.66,CT,,,,,
429,5,"19,424",1.2,$54.50,$175.46,ND,,,,,
430,1,50,2.3,$186.30,$121.52,MA,,,,,
431,3,"6,235",1,$75.41,$119.66,TX,,,,,
432,11,"17,197",2,$139.97,$236.65,PA,,,,,
433,21,"43,308",3.7,$237.40,$357.02,NC,,,,,
434,11,"20,746",6.7,$512.59,$178.26,FL,,,,,
435,9,"19,296",1.7,$133.33,$175.46,MN,,,,,
436,3,"3,173",1.8,$136.26,$119.66,MN,,,,,
437,7,"15,869",6.7,$395.41,$128.21,GA,,,,,
438,12,"35,817",5.9,$440.37,$175.46,FL,,,,,
439,22,"26,785",2.7,$190.60,$119.66,TX,,,,,
440,18,"14,262",8.1,$591.59,$284.02,AZ,,,,,
441,14,"13,371",3.6,$388.56,$119.66,CA,,,,,
442,2,116,1.3,$92.30,$119.66,TX,,,,,
443,10,"31,748",3.7,$295.21,$325.88,MI,,,,,
444,8,"9,364",2.4,$198.87,$206.14,CA,,,,,
445,6,"6,200",4.8,$310.24,$119.66,TX,,,,,
446,6,"17,624",2.4,$198.38,$119.66,MA,,,,,
447,14,"16,262",1.8,$112.85,$119.66,MO,,,,,
448,4,"5,954",1.3,$119.00,$119.66,AK,,,,,
449,3,213,4.6,$334.54,$118.47,TX,,,,,
450,9,"29,453",2,$156.72,$128.21,GA,,,,,
451,2,"2,133",4.3,$331.61,$119.66,WA,,,,,
452,2,"4,096",2,$158.73,$119.66,MN,,,,,
453,12,"35,257",9,$666.56,$77.16,AL,,,,,
454,3,"15,493",1.3,$78.73,$119.66,TX,,,,,
455,16,"75,392",1.6,$100.36,$119.66,TX,,,,,
456,4,"16,251",1.9,$128.37,$213.84,TX,,,,,
457,13,"38,479",2.9,$199.28,$119.66,FL,,,,,
458,18,"66,417",3.5,$220.50,$175.46,KS,,,,,
459,11,"19,780",0.7,$55.52,$127.60,NV,,,,,
460,10,"7,890",4.9,$358.84,$128.21,GA,,,,,
461,7,"26,245",0.7,$56.76,$132.89,NM,,,,,
462,19,"43,649",0.9,$67.32,$119.66,MI,,,,,
463,15,"34,520",2.8,$200.58,$119.66,MI,,,,,
464,7,"15,000",6.1,$444.47,$213.35,FL,,,,,
465,4,"8,122",2.5,$155.65,$175.46,MI,,,,,
466,10,"47,357",4.9,$319.51,$156.01,TX,,,,,
467,13,"4,120",1.9,$169.26,$119.66,CA,,,,,
468,14,"24,600",4.2,$284.41,$282.68,TX,,,,,
469,21,"18,879",3,$214.98,$284.02,MI,,,,,
470,0,17,0.7,$56.46,$158.60,NJ,,,,,
471,4,"3,776",4.3,$303.15,$119.66,AZ,,,,,
472,11,"9,890",1.6,$150.66,$119.66,HI,,,,,
473,22,"35,407",3.6,$280.80,$175.46,OH,,,,,
474,16,"41,944",4.7,$278.36,$119.66,TX,,,,,
475,8,"26,646",2.5,$217.71,$119.66,MN,,,,,
476,22,"40,606",5,$387.81,$175.46,FL,,,,,
477,1,238,4.8,$336.45,$172.38,OH,,,,,
478,10,"30,068",7.4,$525.40,$956.62,TX,,,,,
479,11,"5,993",2.9,$224.17,$119.66,UT,,,,,
480,2,357,0,$0.00,$0.00,NH,,,,,
481,12,"36,051",1.7,$116.12,$119.66,VA,,,,,
482,1,398,3.4,$254.53,$119.66,TX,,,,,
483,3,"5,867",1.5,$72.85,$128.21,GA,,,,,
484,9,"18,143",4.9,$382.77,$370.50,TX,,,,,
485,8,"16,333",3.1,$204.89,$57.55,ID,,,,,
486,12,"14,719",4.2,$319.88,$119.66,ID,,,,,
487,5,"18,760",1.5,$120.31,$206.14,CA,,,,,
488,18,"31,342",0.2,$16.11,$119.66,AZ,,,,,
489,8,"25,421",3,$232.53,$119.66,AZ,,,,,
490,9,"18,101",4.4,$319.07,$119.66,ND,,,,,
491,12,"21,881",5.8,$496.38,$119.66,CA,,,,,
492,9,"29,279",2.7,$216.00,$55.80,MO,,,,,
493,6,"7,726",2.3,$142.60,$175.46,OH,,,,,
494,20,"28,602",1.8,$127.25,$280.66,IL,,,,,
495,12,"47,936",4.8,$357.52,$119.66,TX,,,,,
496,11,"63,003",1.8,$139.17,$119.66,MN,,,,,
497,1,140,1.6,$104.16,$119.66,TX,,,,,
498,4,"3,813",2.1,$140.06,$142.98,TX,,,,,
499,12,"45,196",1.9,$140.82,$119.66,UT,,,,,
500,11,"22,278",5.2,$396.39,$119.66,TX,,,,,
501,7,"6,904",1.6,$105.07,$119.66,NC,,,,,
502,12,"32,280",0.9,$53.76,$178.07,AL,,,,,
503,11,"14,260",3,$233.40,$284.02,TX,,,,,
504,11,"20,632",1.8,$167.60,$119.66,NJ,,,,,
505,12,"40,558",1.1,$56.40,$119.66,FL,,,,,
506,5,"10,664",2.4,$175.49,$119.66,OH,,,,,
507,9,"5,992",2.9,$224.17,$119.66,UT,,,,,
508,9,"17,000",0,$0.00,$0.00,UT,,,,,
509,13,"3,900",0.7,$55.65,$119.66,CA,,,,,
510,2,"3,958",4,$240.53,$227.11,GA,,,,,
511,16,"48,600",2.1,$132.96,$128.21,IL,,,,,
512,14,"20,646",9.5,$744.37,$489.52,MN,,,,,
513,6,"1,766",2.7,$211.96,$119.66,WA,,,,,
514,21,"78,534",5.7,$418.92,$175.46,TX,,,,,
515,3,713,3.1,$224.93,$119.66,SD,,,,,
516,9,"14,231",4.9,$273.91,$175.46,MN,,,,,
517,1,822,3.8,$257.13,$125.42,MN,,,,,
518,11,"31,211",3.7,$266.09,$119.66,NM,,,,,
519,10,"25,156",0.9,$65.93,$119.66,OR,,,,,
520,11,"7,521",4.6,$366.28,$119.66,UT,,,,,
521,11,"7,626",4.8,$382.21,$329.42,UT,,,,,
522,14,"43,328",3,$253.50,$322.18,MD,,,,,
523,10,"24,236",2.3,$204.47,$175.46,AK,,,,,
524,2,925,0.8,$71.03,$119.66,MN,,,,,
525,2,"3,937",3,$222.59,$119.66,FL,,,,,
526,15,"74,900",2.8,$235.20,$175.46,MO,,,,,
527,13,"20,797",4.4,$294.80,$119.66,TX,,,,,
528,7,"12,350",9,$598.69,$0.00,FL,,,,,
529,11,"34,285",1.8,$272.30,$119.66,TX,,,,,
530,7,"9,208",1.5,$101.36,$8.55,MT,,,,,
531,13,"36,030",4.7,$393.67,$206.14,CO,,,,,
532,15,"59,516",0.8,$60.16,$123.38,OH,,,,,
533,6,"16,485",1.9,$142.14,$119.66,FL,,,,,
534,19,"62,226",0,$0.00,$0.00,WA,,,,,
535,9,"27,250",1.6,$134.13,$119.66,UT,,,,,
536,9,"27,250",3.4,$285.03,$175.46,UT,,,,,
537,16,"48,822",3.5,$271.19,$175.46,TX,,,,,
538,7,"12,942",2,$161.66,$175.45,CA,,,,,
539,16,"27,850",3.2,$166.40,$119.66,NE,,,,,
540,4,"5,201",4.3,$303.51,$460.58,AZ,,,,,
541,14,"34,000",2.4,$193.59,$123.38,MI,,,,,
542,3,"6,442",1.5,$120.31,$206.14,CA,,,,,
543,21,"66,801",4.8,$385.96,$175.46,TX,,,,,
544,12,"14,012",5.7,$477.87,$119.66,CA,,,,,
545,6,"15,895",1.9,$151.97,$175.46,CA,,,,,
546,12,"4,835",1.5,$140.03,$119.66,CA,,,,,
547,21,"52,983",1,$79.70,$175.46,LA,,,,,
548,2,"2,035",1.2,$87.72,$119.95,CA,,,,,
549,4,277,0,$0.00,$0.00,TX,,,,,
550,12,"7,055",0,$0.00,$0.00,CA,,,,,
551,16,"33,857",2.3,$159.29,$119.66,TX,,,,,
552,4,"7,867",2.7,$172.80,$697.23,UT,,,,,
553,12,"27,084",4.6,$325.34,$119.66,TX,,,,,
554,2,"3,913",1.3,$114.27,$119.66,CA,,,,,
555,13,"54,424",1.9,$142.63,$119.66,TX,,,,,
556,15,"23,883",7.5,$525.00,$308.07,SC,,,,,
557,18,"34,660",1.2,$106.12,$119.66,CO,,,,,
558,10,"29,262",4.3,$304.73,$119.66,TX,,,,,
559,9,"10,577",6.8,$475.20,$315.95,OR,,,,,
560,15,"51,272",0.9,$70.30,$119.66,CA,,,,,
561,1,"1,285",2.4,$182.91,$130.29,OR,,,,,
562,17,"37,736",2.9,$233.83,$119.66,TX,,,,,
563,19,"23,462",3.9,$300.90,$121.21,CA,,,,,
564,16,"16,224",7.3,$645.32,$119.66,CA,,,,,
565,16,"56,130",1.3,$81.99,$187.01,TX,,,,,
566,3,"6,403",3.1,$233.77,$259.84,TX,,,,,
567,16,"22,668",3.2,$271.32,$175.46,HI,,,,,
568,0,4,2.6,$173.13,$118.36,TX,,,,,
569,3,"6,059",2.9,$222.92,$119.66,UT,,,,,
570,21,"42,141",2.9,$224.17,$119.66,UT,,,,,
571,14,"29,676",2.6,$228.82,$119.66,MN,,,,,
572,1,800,8.9,$647.92,$559.53,CA,,,,,
573,5,"4,729",2.7,$202.80,$119.66,TX,,,,,
574,4,"3,980",1.4,$117.58,$119.66,OR,,,,,
575,4,"7,732",4.8,$458.80,$118.36,CA,,,,,
576,16,"9,886",2.6,$198.03,$119.66,ID,,,,,
577,10,"17,948",4.1,$310.03,$212.93,TX,,,,,
578,11,"10,884",4.7,$399.50,$527.51,CO,,,,,
579,5,"2,776",3.9,$280.51,$204.95,UT,,,,,
580,2,"1,502",1.9,$127.76,$175.46,ID,,,,,
581,3,"3,253",27.1,"$2,263.12","$3,891.10",NJ,,,,,
582,18,"1,945",0.5,$25.43,$119.66,MT,,,,,
583,12,"1,244",3.8,$284.48,$119.66,TX,,,,,
584,8,"1,048",3.9,$291.97,$282.68,TX,,,,,
585,3,"4,951",4.4,$337.12,$119.66,TX,,,,,
586,10,"10,288",4.6,$356.54,$119.66,AZ,,,,,
587,17,"31,155",4.1,$331.59,$175.46,CA,,,,,
588,7,"45,927",7.3,$521.82,$202.91,FL,,,,,
589,13,"21,444",0.7,$50.83,$127.92,WI,,,,,
590,13,"25,004",1.2,$87.92,$175.46,OR,,,,,
591,9,"14,734",4.1,$308.17,$119.66,FL,,,,,
592,5,"10,805",3.8,$262.48,$415.90,FL,,,,,
593,20,"36,755",3.6,$257.82,$119.66,TN,,,,,
594,14,"51,418",1.3,$96.86,$119.66,NC,,,,,
595,17,"50,562",8.7,$578.72,$874.24,FL,,,,,
596,21,"51,584",7.6,$566.27,$196.82,TX,,,,,
597,8,"9,917",6.3,$459.86,$175.46,TX,,,,,
598,4,"2,854",6,$358.30,$467.64,MI,,,,,
599,22,"60,519",2.5,$203.16,$119.66,CO,,,,,
600,3,"4,634",4.4,$345.11,$118.36,CO,,,,,
601,13,"26,590",4.3,$277.92,$119.66,TX,,,,,
602,1,24,2,$142.47,$119.66,TX,,,,,
603,4,308,1.6,$104.80,$118.47,LA,,,,,
604,3,"7,478",3.1,$220.89,$118.47,OK,,,,,
605,8,699,2.2,$162.10,$119.66,TX,,,,,
606,22,"57,724",4.2,$326.65,$175.46,TX,,,,,
607,17,"40,683",3.3,$253.68,$175.46,TX,,,,,
608,1,27,2.2,$172.96,$119.66,CO,,,,,
609,3,"6,600",1.5,$120.31,$206.14,CA,,,,,
610,1,"2,995",1.6,$136.10,$119.66,CA,,,,,
611,12,"32,521",2.8,$237.47,$147.17,MD,,,,,
612,12,"35,962",1.1,$72.60,$284.02,VA,,,,,
613,6,"24,703",3.3,$247.52,$119.66,WA,,,,,
614,1,"8,685",6,$421.31,$0.00,TX,,,,,
615,8,"22,586",3.6,$278.61,$377.98,TX,,,,,
616,12,"23,993",1.2,$86.13,$119.66,MA,,,,,
617,4,"1,724",1.2,$119.40,$119.66,NY,,,,,
618,12,"12,653",2.1,$120.33,$175.46,VA,,,,,
619,3,"1,802",3.1,$236.42,$118.36,NY,,,,,
620,5,"3,619",0.7,$54.53,$123.72,NY,,,,,
621,10,"19,225",5.7,$368.57,$149.58,NH,,,,,
622,4,"4,195",3.1,$239.55,$175.46,CA,,,,,
623,11,"1,171",2.2,$157.38,$0.00,CO,,,,,
624,19,"25,571",0.2,$17.53,$119.66,CA,,,,,
625,7,"10,898",2.6,$235.38,$213.06,NJ,,,,,
626,5,"5,692",0.7,$56.68,$119.66,MA,,,,,
627,13,"11,829",7.7,$552.80,"$1,268.17",PA,,,,,
628,15,"28,990",7.4,$732.60,$322.18,CA,,,,,
629,16,"22,807",2.6,$198.01,$175.46,OR,,,,,
630,12,"33,105",0.7,$43.56,$0.00,WV,,,,,
631,19,"42,136",2,$134.62,$0.00,NY,,,,,
632,6,"20,673",2.1,$141.75,$119.66,TN,,,,,
633,17,"9,132",1.8,$118.28,$122.85,FL,,,,,
634,2,"4,204",4.9,$338.56,$118.36,KY,,,,,
635,16,"37,265",2.6,$151.65,$119.66,MO,,,,,
636,21,"51,693",2.3,$185.98,$128.21,GA,,,,,
637,0,3,0.3,$19.04,$0.00,PA,,,,,
638,7,"17,533",1.3,$108.89,$119.66,CO,,,,,
639,14,"14,407",5.3,$453.59,$119.66,CA,,,,,
640,14,"17,854",0.8,$41.91,$119.66,PA,,,,,
641,0,4,1.8,$118.05,$0.00,OR,,,,,
642,1,38,3.8,$297.44,$126.81,GA,,,,,
643,10,"28,134",1.8,$112.62,$119.66,ID,,,,,
644,13,"15,996",0.2,$16.22,$119.66,GA,,,,,
645,14,"16,092",3,$177.35,$0.00,IA,,,,,
646,17,"18,330",4.6,$356.54,$119.66,AZ,,,,,
647,18,"40,803",1.6,$140.28,$201.33,NJ,,,,,
648,10,"34,822",3,$217.88,$119.66,ID,,,,,
649,13,"17,817",4.2,$325.10,$119.66,VA,,,,,
650,1,22,1.5,$102.16,$0.00,ID,,,,,
651,3,"11,533",1.5,$120.31,$206.14,CA,,,,,
652,1,721,1.3,$91.15,$119.66,SC,,,,,
653,2,"2,255",0,$0.00,$0.00,CA,,,,,
654,2,"2,255",1.1,$74.40,$0.00,CA,,,,,
655,0,4,3.7,$265.92,$128.21,IN,,,,,
656,1,26,3.4,$261.35,$119.66,UT,,,,,
657,6,"5,158",5.7,$354.91,$404.78,NY,,,,,
658,10,"53,308",1.7,$125.26,$204.94,TX,,,,,
659,15,"35,977",3.3,$206.34,$0.00,TX,,,,,
660,1,959,4.3,$393.51,$117.18,CA,,,,,
661,9,"20,453",0.2,$11.00,$119.66,KY,,,,,
662,6,"3,948",2.9,$187.39,$119.66,WA,,,,,
663,14,"38,539",7.6,$616.30,"$1,396.04",GA,,,,,
664,20,"13,823",3.8,$229.96,$206.24,PA,,,,,
665,17,"39,270",0.9,$57.45,$119.66,LA,,,,,
666,1,45,3.1,$183.43,$0.00,MI,,,,,
667,2,"2,101",4.1,$228.37,$118.36,NY,,,,,
668,12,"13,109",1.6,$93.50,$0.00,PA,,,,,
669,4,"10,430",2.7,$156.69,$119.66,NC,,,,,
670,6,"30,718",1.1,$63.80,$119.66,NE,,,,,
671,2,"3,318",2,$122.02,$206.14,MI,,,,,
672,16,"43,562",3.6,$296.52,$175.46,NC,,,,,
673,15,"21,028",0,$0.00,$0.00,IN,,,,,
674,10,"13,760",0.5,$34.87,$0.00,TX,,,,,
675,13,"63,405",1.9,$120.27,$128.21,GA,,,,,
676,10,"41,713",3.2,$265.17,$175.46,CA,,,,,
677,9,"16,258",2.4,$184.02,$119.66,LA,,,,,
678,0,12,0.7,$44.80,$34.30,FL,,,,,
679,18,"67,903",2.5,$151.67,$175.46,KY,,,,,
680,5,"7,320",1.5,$82.31,$0.00,NH,,,,,
681,7,"9,968",4.3,$263.91,$175.46,VA,,,,,
682,8,"11,820",1.4,$96.59,$119.66,VA,,,,,
683,13,"81,617",11.5,$814.91,$320.98,OK,,,,,
684,9,"17,632",2.8,$219.60,$119.66,OR,,,,,
685,0,15,2.4,$160.49,$118.36,MI,,,,,
686,2,406,5.8,$449.54,$119.66,CA,,,,,
687,21,"50,865",1,$66.50,$119.66,FL,,,,,
688,2,"2,493",32.4,"$1,711.36","$1,824.26",AL,,,,,
689,1,970,1.4,$88.52,$0.00,OH,,,,,
690,0,11,1.9,$126.61,$118.36,SC,,,,,
691,1,103,0,$0.00,$0.00,PA,,,,,
692,5,"4,535",3.6,$277.76,$175.46,CA,,,,,
693,9,"9,634",0.8,$48.00,$0.00,IA,,,,,
694,16,"9,101",1,$58.24,$119.66,IA,,,,,
695,18,"36,533",0.7,$58.74,$119.66,AZ,,,,,
696,10,"8,798",8.6,$721.24,$119.66,VA,,,,,
697,11,"15,350",2.4,$182.78,$119.66,OR,,,,,
698,17,"19,300",2.2,$137.44,$175.46,MI,,,,,
699,11,"25,974",1.4,$90.54,$0.00,NH,,,,,
700,13,"51,919",9.4,$560.53,$450.54,OH,,,,,
701,15,"26,720",5.3,$453.59,$119.66,CA,,,,,
702,0,5,4.5,$411.82,$119.66,CA,,,,,
703,3,"4,510",2.4,$166.72,$119.66,OR,,,,,
704,1,"3,117",3.9,$254.35,$206.14,AZ,,,,,
705,20,"84,505",1.6,$121.88,$237.06,FL,,,,,
706,1,350,0.8,$40.00,$0.00,NC,,,,,
707,1,251,4.9,$334.70,$119.66,SC,,,,,
708,9,"57,308",7.5,$474.75,$214.33,AZ,,,,,
709,2,"7,160",1,$64.09,$1.85,NE,,,,,
710,4,"3,508",2.1,$143.28,$119.66,NY,,,,,
711,1,105,1.2,$57.50,$118.36,KY,,,,,
712,15,"35,782",2.6,$218.74,$119.66,MA,,,,,
713,4,"4,653",1.6,$112.14,$118.36,FL,,,,,
714,19,"17,892",7.9,$476.37,$283.87,NC,,,,,
715,13,"26,042",1.8,$120.96,$175.46,OH,,,,,
716,11,"21,378",1.4,$61.76,$119.66,OK,,,,,
717,8,"16,173",2.3,$169.78,$119.66,OK,,,,,
718,2,894,1.2,$63.48,$119.66,VA,,,,,
719,8,"17,893",1,$68.27,$118.47,SC,,,,,
720,1,190,2.6,$166.57,$118.36,LA,,,,,
721,14,"7,696",0.8,$77.92,$119.66,CA,,,,,
722,11,"35,963",8.2,$612.23,$540.71,FL,,,,,
723,4,"3,718",2.3,$156.40,$119.66,FL,,,,,
724,3,"2,863",2.4,$163.20,$119.66,FL,,,,,
725,10,"14,118",0.8,$58.75,$119.66,NC,,,,,
726,1,"3,100",1.6,$124.98,$369.16,TX,,,,,
727,10,"5,092",2.3,$140.02,$175.46,TX,,,,,
728,13,"29,437",0.5,$41.75,$188.00,IL,,,,,
729,2,"6,899",2.5,$195.69,$128.21,GA,,,,,
730,16,"33,466",6.1,$395.78,$119.66,AL,,,,,
731,18,"56,707",3.8,$262.33,$175.46,NC,,,,,
732,14,"65,449",2.9,$232.69,$225.07,CA,,,,,
733,15,"18,475",2.2,$183.11,$119.66,CA,,,,,
734,4,"19,123",0.5,$28.27,$0.00,GA,,,,,
735,3,"8,830",2.9,$277.15,$119.66,CA,,,,,
736,19,"16,710",6.6,$631.19,$118.47,CA,,,,,
737,12,"2,960",3.3,$255.78,$119.66,AZ,,,,,
738,11,"18,659",4.4,$294.80,$119.66,TX,,,,,
739,18,"32,500",4.7,$455.87,"$1,305.53",CA,,,,,
740,1,917,3.6,$231.58,$119.66,TX,,,,,
741,20,"35,517",4.2,$291.90,$121.54,TX,,,,,
742,2,345,0.8,$59.41,$119.66,VA,,,,,
743,6,"6,773",0.8,$59.76,$119.66,MI,,,,,
744,2,"1,923",1.4,$112.00,$0.00,CO,,,,,
745,3,"2,945",4.5,$322.92,$119.66,ID,,,,,
746,10,"13,934",4,$276.78,$119.66,FL,,,,,
747,15,"7,854",3,$222.59,$175.46,FL,,,,,
748,2,"5,249",2.4,$187.85,$128.21,GA,,,,,
749,14,"24,657",3.1,$226.65,$0.00,AZ,,,,,
750,1,159,5.1,$353.91,$119.66,FL,,,,,
751,10,"3,099",2,$142.47,$119.66,AR,,,,,
752,12,"26,285",4.2,$328.09,$119.66,TX,,,,,
753,1,67,2.7,$160.07,$119.66,AL,,,,,
754,18,"22,222",1.1,$82.32,$119.66,FL,,,,,
755,7,"40,480",2.1,$139.38,$119.66,TX,,,,,
756,7,"13,089",2,$137.00,$119.66,KY,,,,,
757,23,"22,629",1.5,$86.67,$119.66,NM,,,,,
758,1,"15,202",5.9,$340.92,$188.58,NM,,,,,
759,17,"64,731",1,$76.84,$119.66,TX,,,,,
760,3,"11,021",4.2,$328.72,$119.66,CO,,,,,
761,8,"26,920",5.6,$349.44,$178.43,NM,,,,,
762,14,"27,113",0.9,$69.02,$119.66,MO,,,,,
763,17,"21,296",6.9,$606.56,$175.46,CA,,,,,
764,10,"20,101",1.7,$145.33,$119.66,CA,,,,,
765,9,"19,306",2.8,$227.08,$119.66,TN,,,,,
766,19,"30,373",3.4,$246.93,$119.66,ID,,,,,
767,8,"18,488",4.6,$346.26,$119.66,TX,,,,,
768,5,"7,806",5.7,$385.89,$119.66,AL,,,,,
769,12,"1,216",3.8,$268.15,$119.66,LA,,,,,
770,11,"16,580",4.6,$295.45,$119.66,AZ,,,,,
771,19,"43,361",4.6,$279.61,$261.94,TX,,,,,
772,22,"47,232",1.6,$120.00,$175.46,TX,,,,,
773,16,"23,927",2.5,$182.53,$119.66,VA,,,,,
774,20,"35,178",1.7,$137.99,$119.66,CA,,,,,
775,12,"6,747",1.6,$122.78,$119.66,LA,,,,,
776,14,"19,332",2.8,$231.65,$55.80,WA,,,,,
777,12,"10,752",5.9,$499.17,$207.69,CA,,,,,
778,5,"7,931",12.8,$943.00,$326.51,TX,,,,,
779,6,"8,395",0.5,$33.97,$119.66,TX,,,,,
780,11,"34,597",6.3,$467.50,$119.66,TX,,,,,
781,0,6,1.5,$85.03,$119.66,PA,,,,,
782,10,"29,721",0.2,$15.33,$2.25,LA,,,,,
783,10,"26,553",2,$142.00,$128.21,IL,,,,,
784,14,"19,122",3,$232.58,$119.66,AZ,,,,,
785,0,9,4.4,$330.37,$119.66,CA,,,,,
786,10,"27,095",3,$207.11,$119.66,NC,,,,,
787,8,"10,625",4.3,$273.34,$128.21,GA,,,,,
788,8,"3,869",4,$316.03,$175.46,MO,,,,,
789,4,"4,918",3,$238.50,$119.66,CA,,,,,
790,5,"6,506",2.9,$238.86,$178.81,CA,,,,,
791,14,"8,501",2.1,$148.48,$133.88,IL,,,,,
792,0,10,1.9,$104.25,$118.47,IA,,,,,
793,12,"25,481",2,$161.68,$573.59,TX,,,,,
794,13,"59,782",1.8,$121.62,$119.66,WI,,,,,
795,12,"23,179",2.7,$191.32,$175.46,TX,,,,,
796,5,"7,352",5.3,$421.67,$175.46,TX,,,,,
797,6,"7,437",1.9,$118.69,$119.66,NC,,,,,
798,18,"43,656",13.5,$938.37,$185.27,FL,,,,,
799,10,"24,246",0.8,$64.00,$119.66,TX,,,,,
800,8,"13,365",1,$64.30,$128.21,GA,,,,,
801,11,"15,427",0.7,$55.78,$119.66,MO,,,,,
802,17,"57,735",1.4,$112.33,$184.53,AZ,,,,,
803,19,"62,508",2,$155.75,$119.66,AZ,,,,,
804,18,"2,101",2.8,$213.39,$342.29,OR,,,,,
805,6,"11,532",0.5,$42.35,$119.66,CA,,,,,
806,4,"10,344",3.4,$234.85,$408.66,FL,,,,,
807,14,"18,809",2.5,$207.75,$119.66,CA,,,,,
808,3,"3,899",0.9,$59.94,$119.66,IA,,,,,
809,14,"41,544",9,$671.97,$404.14,FL,,,,,
810,3,69,0.8,$55.73,$134.35,SC,,,,,
811,2,"7,337",3.2,$229.03,$181.23,WI,,,,,
812,13,"29,636",1.9,$150.87,$119.66,MI,,,,,
813,6,"3,345",5.3,$504.56,$119.66,CA,,,,,
814,19,"25,185",4.5,$373.62,$179.31,NV,,,,,
815,11,"19,924",8.1,$596.81,$196.82,TX,,,,,
816,2,"3,257",2.7,$215.95,$119.66,CA,,,,,
817,1,295,1.1,$85.14,$119.66,TX,,,,,
818,16,"42,324",0.8,$44.00,$119.66,TN,,,,,
819,3,"7,781",1.9,$101.87,$119.66,KS,,,,,
820,22,"74,103",13,$783.26,"$1,192.90",GA,,,,,
821,20,"12,840",0,$0.00,$119.66,NV,,,,,
822,2,"7,107",4.4,$246.73,$0.00,LA,,,,,
823,11,"16,546",10,$585.00,"$1,081.24",FL,,,,,
824,11,"21,704",3,$222.62,$436.63,TX,,,,,
825,5,"14,302",3.5,$227.63,$374.03,SD,,,,,
826,23,"22,101",2.7,$179.10,$119.66,FL,,,,,
827,11,"37,006",2.6,$180.09,$119.66,FL,,,,,
828,10,"14,003",0.2,$12.55,$151.58,TX,,,,,
829,2,"2,626",1.4,$97.98,$119.66,MI,,,,,
830,11,"28,800",1.3,$92.60,$119.66,LA,,,,,
831,9,"53,454",13.4,$827.87,$80.90,AL,,,,,
832,10,"24,876",2.5,$188.18,$119.66,TX,,,,,
833,0,11,10.5,$995.30,"$1,079.96",CA,,,,,
834,8,"12,627",5.5,$419.07,$0.00,MI,,,,,
835,15,"21,281",3,$249.09,$175.46,CA,,,,,
836,9,"12,886",2.9,$232.17,$119.66,CA,,,,,
837,10,"22,728",4.2,$328.09,$119.66,TX,,,,,
838,0,14,1.6,$110.06,$119.66,OH,,,,,
839,10,"46,413",2.1,$537.54,$119.66,TX,,,,,
840,17,"29,513",3.9,$300.91,$119.66,CA,,,,,
841,5,"4,976",2.4,$156.00,$118.47,AR,,,,,
842,1,"3,660",2.1,$146.73,$175.46,WI,,,,,
843,16,"8,755",1.4,$111.04,$1.75,NV,,,,,
844,6,"5,832",2.2,$178.40,$128.21,GA,,,,,
845,1,725,3.8,$268.15,$119.66,LA,,,,,
846,6,"7,289",2.9,$194.32,$206.14,MI,,,,,
847,15,"42,789",1.3,$90.44,$119.66,CA,,,,,
848,15,"30,096",4.1,$301.83,$175.46,TX,,,,,
849,19,"30,742",3.8,$262.33,$119.66,NC,,,,,
850,19,"28,867",2.8,$168.94,$188.00,IN,,,,,
851,9,"10,171",5.8,$496.38,$119.66,CA,,,,,
852,1,616,2.2,$143.90,$175.46,FL,,,,,
853,2,176,2.2,$156.71,$119.66,TX,,,,,
854,17,"33,616",3.9,$290.48,$0.00,TX,,,,,
855,2,"1,000",2.8,$197.97,$119.66,SC,,,,,
856,1,"1,178",0.8,$39.04,$0.00,IA,,,,,
857,10,"29,357",3.3,$191.71,$174.27,LA,,,,,
858,11,"27,429",0.8,$59.47,$190.68,TN,,,,,
859,13,"29,058",1.5,$113.42,$175.46,PA,,,,,
860,4,"18,308",0.7,$43.03,$128.21,GA,,,,,
861,6,"11,763",1.2,$77.65,$119.66,PA,,,,,
862,2,"5,986",0.5,$44.68,$119.66,AK,,,,,
863,8,"10,391",0,$0.00,$0.00,TX,,,,,
864,5,"10,070",1.6,$89.28,$317.75,MS,,,,,
865,12,"17,236",7.1,$545.48,$175.46,TX,,,,,
866,5,"9,375",3.8,$226.69,$332.68,MN,,,,,
867,0,15,3.1,$191.84,$118.36,AL,,,,,
868,2,"3,596",2.8,$207.20,$119.66,TN,,,,,
869,20,"38,846",0.9,$50.49,$119.66,PA,,,,,
870,7,"7,519",2.6,$210.84,$319.45,AZ,,,,,
871,0,1,5.3,$425.63,$322.91,NJ,,,,,
872,16,"28,810",2.9,$217.52,$119.66,WA,,,,,
873,18,"45,808",0.2,$14.03,$136.36,TN,,,,,
874,21,"60,202",1.9,$130.29,$119.66,WY,,,,,
875,20,"96,933",8.2,$519.59,$399.28,TX,,,,,
876,17,"43,007",2,$152.33,$175.46,LA,,,,,
877,20,"34,345",7.6,$525.22,$196.82,FL,,,,,
878,12,"20,635",7.8,$558.43,$175.46,FL,,,,,
879,12,"29,661",5.2,$322.40,$128.21,GA,,,,,
880,2,189,0.7,$44.80,$0.00,FL,,,,,
881,19,"27,996",5.9,$495.39,$175.46,TX,,,,,
882,1,42,1.9,$132.49,$119.66,TX,,,,,
883,12,"8,587",1.1,$80.76,$119.66,NC,,,,,
884,6,"18,584",1.6,$109.58,$119.66,AL,,,,,
885,10,"27,859",5.8,$496.38,$119.66,CA,,,,,
886,13,"48,349",2.5,$175.33,$119.66,OK,,,,,
887,0,13,4.8,$347.67,$682.59,FL,,,,,
888,21,"40,939",2.6,$194.63,$119.66,TX,,,,,
889,8,"23,336",3.5,$253.63,$147.11,OK,,,,,
890,8,"27,537",2.6,$161.90,$119.66,KY,,,,,
891,5,"10,197",2.9,$225.50,$206.14,CA,,,,,
892,5,"7,319",2.6,$210.77,$119.66,OR,,,,,
893,2,"6,190",2.6,$202.80,$119.66,SD,,,,,
894,7,"14,095",2,$154.82,$119.66,MO,,,,,
895,11,"14,199",4.3,$339.27,$119.66,TX,,,,,
896,4,"8,422",5.7,$459.38,$119.66,CA,,,,,
897,2,91,3.1,$167.36,$119.66,FL,,,,,
898,7,"9,286",1.4,$109.36,$119.66,CA,,,,,
899,10,"16,001",18.7,"$1,484.94",$429.36,TX,,,,,
900,13,"42,383",7.3,$492.96,$486.54,TX,,,,,
901,16,"38,019",1.2,$95.40,$118.47,TX,,,,,
902,17,"38,700",4.5,$385.03,$175.46,CA,,,,,
903,17,"11,187",6.3,$390.42,$874.27,VA,,,,,
904,12,"25,890",3.3,$272.79,$119.66,CA,,,,,
905,15,"31,115",7.1,$518.55,$119.66,AZ,,,,,
906,20,"84,254",0.5,$36.83,$119.66,CA,,,,,
907,1,34,2.6,$172.79,$119.66,TX,,,,,
908,13,"22,602",2.3,$214.72,$175.46,CA,,,,,
909,4,"2,923",2.6,$265.62,$119.66,CA,,,,,
910,4,"4,523",4.1,$233.70,$119.66,TX,,,,,
911,0,3,4.3,$353.73,$126.81,IL,,,,,
912,19,"30,759",5.2,$385.84,$119.66,FL,,,,,
913,3,191,0.7,$44.80,$0.00,FL,,,,,
914,7,"18,033",1.5,$89.20,$119.66,FL,,,,,
915,14,"35,880",2.7,$195.25,$119.66,OK,,,,,
916,17,"31,850",0.6,$42.24,$0.00,TX,,,,,
917,11,"10,735",1.9,$98.42,$380.83,NC,,,,,
918,10,"16,308",0.8,$66.31,$128.21,IN,,,,,
919,21,"21,427",1.3,$93.84,$119.66,TX,,,,,
920,3,"3,656",1.4,$112.01,$119.66,CA,,,,,
921,6,"17,217",4.7,$306.47,$120.61,FL,,,,,
922,3,136,2,$154.26,$119.66,CA,,,,,
923,7,"6,834",1.2,$100.00,$119.66,CO,,,,,
924,12,"31,527",4,$315.60,$284.02,TX,,,,,
925,13,"10,612",1.4,$104.58,$119.66,MI,,,,,
926,10,"7,299",1.8,$122.09,$119.66,MI,,,,,
927,11,"18,504",1.6,$96.43,$206.14,SD,,,,,
928,2,"2,844",5.3,$397.95,$119.66,AZ,,,,,
929,11,"16,664",7.2,$564.44,$129.46,AZ,,,,,
930,9,"19,139",12.9,$862.40,"$1,215.99",MI,,,,,
931,0,4,1.3,$101.76,$126.81,GA,,,,,
932,14,"20,782",5,$384.36,$175.46,TX,,,,,
933,11,"12,366",5.3,$453.59,$119.66,CA,,,,,
934,12,"21,369",6.5,$485.31,$119.66,FL,,,,,
935,1,"2,758",1.5,$114.24,$119.66,MO,,,,,
936,18,"28,965",7.7,$574.90,$322.18,FL,,,,,
937,2,"3,264",4.5,$383.23,$128.21,IL,,,,,
938,13,"28,981",4.1,$288.62,$119.66,TX,,,,,
939,20,"69,115",3.6,$264.21,$136.91,OH,,,,,
940,3,193,5.7,$403.66,$119.66,TX,,,,,
941,21,"44,956",3.8,$271.70,$233.09,TX,,,,,
942,5,"14,046",1.9,$152.39,$206.14,CA,,,,,
943,10,"18,094",5.1,$317.65,$119.66,NC,,,,,
944,14,"41,882",3.9,$266.39,$119.66,VA,,,,,
945,0,2,1.7,$123.95,$118.36,MD,,,,,
946,12,"25,106",1,$61.87,$119.66,MI,,,,,
947,11,"22,587",2.3,$173.12,$119.66,TX,,,,,
948,1,318,2.6,$203.47,$119.66,TX,,,,,
949,1,45,4.2,$255.06,$118.36,MI,,,,,
950,0,11,4.4,$299.67,$118.36,ID,,,,,
951,1,26,5,$359.03,$119.66,TX,,,,,
952,7,"17,730",3.9,$253.43,$119.66,TX,,,,,
953,16,"42,766",3.2,$239.31,$123.38,TX,,,,,
954,3,470,5.2,$373.45,$119.66,FL,,,,,
955,13,"32,184",0,$0.00,$0.00,VA,,,,,
956,7,"31,574",4.9,$315.52,$119.66,WI,,,,,
957,21,"28,542",3.7,$289.56,$119.66,TX,,,,,
958,18,"28,721",4.3,$343.60,$119.66,NV,,,,,
959,17,"22,605",1.2,$88.42,$175.46,TX,,,,,
960,22,"29,256",5.9,$410.09,$119.66,FL,,,,,
961,17,"49,987",3,$203.81,$119.66,TX,,,,,
962,5,"11,367",5,$362.14,$206.14,FL,,,,,
963,6,"25,712",5.3,$374.09,$460.58,AZ,,,,,
964,6,"20,031",20.6,"$1,445.51","$3,063.24",SC,,,,,
965,9,"21,300",0.8,$47.20,$119.66,SD,,,,,
966,0,3,0.5,$31.73,$0.00,PA,,,,,
967,11,"21,138",1,$70.97,$119.66,FL,,,,,
968,2,"4,364",0.7,$43.82,$119.66,DE,,,,,
969,3,734,2.2,$171.16,$206.14,TX,,,,,
970,7,"17,813",9,$694.80,$233.41,MO,,,,,
971,10,"27,353",1.6,$89.28,$119.66,MS,,,,,
972,13,"22,756",2.4,$223.46,$334.15,NJ,,,,,
973,10,"23,425",4.7,$367.66,$128.21,GA,,,,,
974,12,"44,345",4.7,$333.52,$175.46,TX,,,,,
975,18,"19,247",2.7,$150.01,$119.66,NE,,,,,
976,10,"18,202",0.7,$49.06,$154.77,CA,,,,,
977,12,"9,800",5.2,$384.71,$119.66,TX,,,,,
978,19,"22,118",1,$106.54,$206.14,CA,,,,,
979,7,"16,408",3.6,$249.10,$119.66,FL,,,,,
980,15,"16,571",4,$293.71,$119.66,TX,,,,,
981,7,"8,366",2.8,$219.16,$187.99,GA,,,,,
982,6,"9,173",2.2,$186.34,$206.14,CA,,,,,
983,13,"16,571",3.3,$249.60,$175.46,FL,,,,,
984,1,"1,907",3,$251.48,$119.66,UT,,,,,
985,22,"62,310",2.8,$217.17,$119.66,FL,,,,,
986,21,"29,185",2,$164.41,$175.46,CA,,,,,
987,21,"37,243",4.2,$326.64,$175.46,TX,,,,,
988,3,656,0.9,$64.11,$138.62,TX,,,,,
989,17,"72,292",1.7,$86.21,$175.46,TX,,,,,
990,19,"35,583",1.4,$105.10,$175.46,TX,,,,,
991,7,"5,548",4.6,$348.09,$261.93,AZ,,,,,
992,13,"24,196",2.6,$202.98,$175.46,TX,,,,,
993,10,"15,554",1,$76.38,$119.66,CA,,,,,
994,4,"5,082",1,$97.85,$132.09,CA,,,,,
995,17,"24,196",7.5,$534.27,$175.46,CA,,,,,
996,17,"34,120",2.6,$162.16,$175.46,OK,,,,,
997,4,"12,603",1.3,$96.81,$119.66,CA,,,,,
998,22,"26,844",4.1,$299.17,$119.66,TX,,,,,
999,14,"35,810",3.2,$261.78,$119.66,AZ,,,,,
1000,13,"34,372",3.9,$319.06,$119.66,AZ,,,,,
1001,15,"47,151",1.5,$106.74,$119.66,TX,,,,,
1002,7,"23,890",4.3,$281.15,$119.66,AL,,,,,
1003,12,"44,188",3.9,$276.90,$119.66,NC,,,,,
1004,11,"34,251",3,$233.26,$175.46,AZ,,,,,
1005,18,"44,375",4.9,$360.12,$119.66,TX,,,,,
1006,16,"21,442",1,$73.80,$203.00,IL,,,,,
1007,14,"28,892",2.2,$158.18,$377.98,FL,,,,,
1008,13,"20,145",2.9,$179.61,$119.66,AL,,,,,
1009,10,"29,179",2.8,$184.22,$213.28,OK,,,,,
1010,12,"6,557",1,$56.67,$119.66,OR,,,,,
1011,16,"34,288",0.8,$32.85,$119.66,SD,,,,,
1012,13,"19,556",2.8,$233.33,$119.66,CA,,,,,
1013,2,753,3.9,$268.18,$128.21,GA,,,,,
1014,12,"22,255",2.6,$180.71,$0.00,FL,,,,,
1015,12,"65,327",0.8,$55.68,$119.66,LA,,,,,
1016,13,"65,985",9.1,$698.07,$225.54,LA,,,,,
1017,17,"67,507",0,$0.00,$0.00,IN,,,,,
1018,7,"17,000",7.9,$619.32,$119.66,AZ,,,,,
1019,14,"28,498",2.6,$192.40,$119.66,VA,,,,,
1020,13,"27,904",0.4,$30.68,$175.46,LA,,,,,
1021,11,"29,573",1.8,$143.07,$0.00,GA,,,,,
1022,16,"54,241",3.8,$262.94,$119.66,FL,,,,,
1023,6,"16,110",0.8,$50.78,$119.66,FL,,,,,
1024,3,"5,966",1.8,$128.27,$119.66,OK,,,,,
1025,4,"7,156",3.7,$276.89,$119.66,AZ,,,,,
1026,12,"44,749",5.4,$346.50,$175.46,LA,,,,,
1027,8,"15,299",3.5,$280.20,$175.46,CA,,,,,
1028,20,"25,663",2.9,$197.99,$119.66,FL,,,,,
1029,19,"31,571",3.6,$255.60,$119.66,NC,,,,,
1030,19,"67,567",1.5,$87.75,$119.66,FL,,,,,
1031,17,"30,698",5.9,$363.65,$303.75,NC,,,,,
1032,7,"5,176",5.5,$460.65,$380.83,CO,,,,,
1033,11,"47,809",1.2,$71.02,$119.66,MS,,,,,
1034,1,530,4.5,$294.22,$0.00,AL,,,,,
1035,12,"13,035",4.4,$294.80,$119.66,TX,,,,,
1036,3,"4,176",2.9,$206.65,$119.66,OK,,,,,
1037,1,"1,004",2.4,$185.52,$42.14,NV,,,,,
1038,22,"30,390",4.1,$312.80,$119.66,TX,,,,,
1039,15,"12,550",1.7,$131.77,$119.66,AZ,,,,,
1040,10,"11,349",3.8,$257.31,$206.14,TX,,,,,
1041,15,"31,341",3.5,$240.00,$119.66,WY,,,,,
1042,3,"2,972",2.7,$202.70,$119.66,OK,,,,,
1043,6,"11,930",3,$236.70,$175.46,TX,,,,,
1044,14,"16,307",4.4,$323.08,$119.66,TX,,,,,
1045,1,23,1.1,$87.87,$0.00,CO,,,,,
1046,2,103,0.2,$12.36,$0.00,SD,,,,,
1047,13,"28,641",4.6,$336.57,$175.46,KY,,,,,
1048,8,"25,538",4.9,$311.28,$119.66,WI,,,,,
1049,14,"25,021",1.7,$126.68,$15.16,CA,,,,,
1050,1,31,2.6,$199.20,$119.66,TX,,,,,
1051,13,"45,365",2.7,$189.00,$175.46,SC,,,,,
1052,10,"17,156",6.9,$544.41,$229.17,TX,,,,,
1053,11,"12,446",2,$139.67,$119.66,NC,,,,,
1054,12,"16,444",2.4,$173.56,$176.91,KY,,,,,
1055,18,"49,762",5.6,$556.49,$119.66,CA,,,,,
1056,3,"5,332",2.4,$147.76,$206.14,FL,,,,,
1057,7,"39,093",6.4,$439.79,$136.91,FL,,,,,
1058,17,"31,652",1.7,$154.80,$175.46,CA,,,,,
1059,16,"70,657",2.6,$206.46,$175.46,TX,,,,,
1060,16,"22,906",1.7,$129.85,$175.46,TX,,,,,
1061,10,"25,306",2,$145.60,$119.66,VA,,,,,
1062,8,"26,644",1.7,$102.00,$128.21,IL,,,,,
1063,9,"15,483",1.9,$164.73,$175.46,CA,,,,,
1064,7,"15,299",2.7,$211.31,$206.14,TX,,,,,
1065,12,"26,747",0.5,$34.25,$128.21,GA,,,,,
1066,5,"12,897",2.4,$179.07,$206.14,CA,,,,,
1067,19,"43,567",1.4,$108.13,$119.66,AZ,,,,,
1068,11,"16,743",17.6,"$1,020.80",$896.14,IA,,,,,
1069,22,"26,056",3.6,$283.35,$119.66,FL,,,,,
1070,9,"32,340",2.4,$157.72,$119.66,FL,,,,,
1071,22,"2,888",4.9,$339.45,$119.66,NC,,,,,
1072,2,137,0.8,$51.20,$0.00,FL,,,,,
1073,22,"37,354",4.3,$329.22,$119.66,TX,,,,,
1074,16,"48,295",0.8,$55.36,$119.66,CO,,,,,
1075,11,"37,752",5.5,$378.20,$256.23,OH,,,,,
1076,4,"12,065",1.5,$106.34,$119.66,CA,,,,,
1077,17,"78,799",1.2,$82.73,$119.66,TN,,,,,
1078,7,"75,310",1.9,$130.96,$119.66,TN,,,,,
1079,5,"45,021",2.7,$186.10,$119.66,TN,,,,,
1080,24,"24,769",4.7,$312.68,$282.68,TN,,,,,
1081,12,"14,279",1.2,$97.00,$119.66,TX,,,,,
1082,5,"25,789",3.8,$272.74,$119.66,FL,,,,,
1083,14,"1,526",0.7,$53.51,$149.03,TX,,,,,
1084,12,"34,120",5.7,$460.61,$322.18,TX,,,,,
1085,7,"31,078",0.7,$46.46,$123.57,TX,,,,,
1086,18,"2,277",3.8,$248.42,$119.66,TX,,,,,
1087,12,"15,545",1.8,$143.04,$119.66,TX,,,,,
1088,16,"22,952",1.3,$128.70,$119.66,CA,,,,,
1089,13,"47,488",2.3,$195.50,$322.18,CO,,,,,
1090,14,"65,200",5.5,$378.26,$284.02,OK,,,,,
1091,0,12,0.6,$38.40,$0.00,FL,,,,,
1092,6,"12,530",1.5,$104.39,$119.66,LA,,,,,
1093,8,"18,082",2.4,$167.02,$119.66,LA,,,,,
1094,11,"53,726",1.3,$69.42,$119.66,LA,,,,,
1095,13,"31,183",2.6,$221.22,$119.66,VA,,,,,
1096,14,"17,798",0,$0.00,$0.00,LA,,,,,
1097,15,"23,234",0.8,$66.05,$119.66,TX,,,,,
1098,21,"53,969",4.3,$427.31,$175.46,CA,,,,,
1099,11,"24,427",4,$318.74,$119.66,KS,,,,,
1100,5,"13,372",3.4,$221.00,$118.47,AR,,,,,
1101,13,"26,016",3.9,$301.18,$175.46,AZ,,,,,
1102,1,230,2.3,$178.02,$212.33,TX,,,,,
1103,19,"45,847",1.4,$98.24,$120.36,TX,,,,,
1104,6,"4,999",2.6,$177.39,$122.38,NY,,,,,
1105,5,"17,844",1.7,$131.18,$261.93,CA,,,,,
1106,2,"1,661",5.1,$320.97,$176.58,FL,,,,,
1107,0,13,3.7,$259.33,$119.66,OH,,,,,
1108,21,"1,485",1.5,$95.79,$119.66,FL,,,,,
1109,12,"20,908",4,$303.40,$119.66,TN,,,,,
1110,10,"26,922",5,$283.69,$175.46,MT,,,,,
1111,18,"88,350",2.9,$190.20,$119.66,OK,,,,,
1112,8,"16,319",5.4,$416.50,$119.66,NV,,,,,
1113,4,"20,615",3.4,$197.51,$119.66,LA,,,,,
1114,17,"29,223",4.6,$335.68,$175.46,LA,,,,,
1115,8,"23,116",4.9,$283.50,$175.46,SC,,,,,
1116,17,"65,568",2.5,$176.67,$206.14,FL,,,,,
1117,6,"11,000",1,$63.47,$162.05,TX,,,,,
1118,13,"16,371",1.2,$92.05,$119.66,LA,,,,,
1119,1,"1,079",0.8,$58.16,$128.21,GA,,,,,
1120,11,"15,793",1,$81.10,$126.04,CA,,,,,
1121,10,"15,571",2.8,$227.09,$119.66,CA,,,,,
1122,12,"20,837",2.8,$173.60,$119.66,SC,,,,,
1123,14,"1,369",1,$81.10,$128.21,GA,,,,,
1124,5,"16,068",2.3,$153.18,$119.66,TX,,,,,
1125,17,"39,682",3.2,$257.30,$119.66,TX,,,,,
1126,1,55,4.8,$406.56,$147.11,CA,,,,,
1127,2,66,7.5,$658.18,$119.66,CA,,,,,
1128,9,"38,300",8.2,$582.87,$121.65,NC,,,,,
1129,6,"9,872",0.9,$62.82,$119.66,OR,,,,,
1130,14,"18,122",5.3,$453.59,$119.66,CA,,,,,
1131,16,"33,963",1.9,$116.61,$128.21,GA,,,,,
1132,16,"43,420",0.9,$66.60,$119.66,LA,,,,,
1133,15,"43,717",2.9,$160.47,$175.46,SC,,,,,
1134,5,"11,790",1.2,$78.95,$119.66,OK,,,,,
1135,8,"16,093",1.3,$116.18,$119.66,CA,,,,,
1136,2,"3,461",6.1,$520.50,$119.66,CA,,,,,
1137,14,"41,890",4.9,$368.34,$175.46,TX,,,,,
1138,2,289,1.4,$123.05,$118.36,CA,,,,,
1139,9,"9,789",5.7,$424.55,$119.66,TX,,,,,
1140,9,"4,652",1.7,$115.65,$175.46,MT,,,,,
1141,4,"3,412",4.2,$239.40,$175.46,MN,,,,,
1142,12,"30,441",2.6,$184.52,$192.71,FL,,,,,
1143,12,"20,419",5.1,$380.04,$385.22,WI,,,,,
1144,20,"35,864",2.1,$176.94,$188.00,GA,,,,,
1145,8,"23,590",2.7,$193.61,$175.46,TX,,,,,
1146,9,"11,267",2.3,$160.55,$175.46,TX,,,,,
1147,7,"15,589",4,$276.78,$119.66,FL,,,,,
1148,11,"12,480",1,$55.50,$119.66,MS,,,,,
1149,11,"48,466",4.9,$357.86,$119.66,AZ,,,,,
1150,17,"27,820",1.5,$105.32,$119.66,TX,,,,,
1151,12,"29,774",3.4,$227.12,$243.65,TX,,,,,
1152,5,"29,504",0.7,$45.57,$119.66,TX,,,,,
1153,22,"52,671",2.3,$232.06,$175.46,TX,,,,,
1154,10,"26,178",2.1,$131.18,$119.66,KY,,,,,
1155,6,"17,339",2.7,$202.77,$119.66,TX,,,,,
1156,7,"22,845",3.9,$326.85,$119.66,CA,,,,,
1157,2,"3,844",4.4,$263.19,$119.66,OK,,,,,
1158,2,177,2.4,$171.78,$119.66,TX,,,,,
1159,10,"32,462",8.1,$604.41,$500.69,MS,,,,,
1160,0,12,0.7,$44.80,$0.00,FL,,,,,
1161,2,166,2.9,$208.80,$206.14,NM,,,,,
1162,3,"9,275",2.6,$165.27,$119.66,FL,,,,,
1163,1,"2,912",3.7,$223.11,$119.66,TX,,,,,
1164,5,"20,028",1.6,$93.22,$119.66,LA,,,,,
1165,4,260,0.7,$47.55,$175.46,TX,,,,,
1166,3,703,1,$65.72,$119.66,AL,,,,,
1167,14,"12,509",6.3,$552.89,$119.66,CA,,,,,
1168,7,"5,688",7.4,$610.89,$215.84,CA,,,,,
1169,0,6,1.3,$94.20,$118.36,TX,,,,,
1170,14,"21,018",7.1,$518.55,$119.66,AZ,,,,,
1171,2,435,5.1,$395.30,$0.00,CA,,,,,
1172,9,"19,028",2.2,$160.96,$119.66,FL,,,,,
1173,3,546,2.4,$182.40,$0.00,GA,,,,,
1174,10,"24,348",5.9,$468.36,$119.66,SC,,,,,
1175,3,835,0.8,$52.61,$166.53,OK,,,,,
1176,0,5,2.7,$179.66,$126.81,GA,,,,,
1177,15,"18,402",5.3,$453.59,$119.66,CA,,,,,
1178,19,"25,240",2.6,$189.10,$119.66,MS,,,,,
1179,11,"7,188",2.8,$187.88,$119.66,AL,,,,,
1180,0,6,1,$62.20,$119.66,FL,,,,,
1181,16,"35,099",6.7,$573.40,$832.02,CA,,,,,
1182,12,"12,005",3.1,$252.29,$118.47,AZ,,,,,
1183,18,"18,854",3.6,$286.92,$119.66,LA,,,,,
1184,7,"12,529",0.8,$56.11,$119.66,OK,,,,,
1185,3,"2,623",3.3,$229.40,$119.66,FL,,,,,
1186,1,43,0.8,$48.03,$128.21,GA,,,,,
1187,3,814,1.3,$92.56,$119.66,TX,,,,,
1188,14,"1,421",4.1,$278.80,$119.66,LA,,,,,
1189,9,"22,358",2,$124.72,$119.66,AL,,,,,
1190,3,225,0.8,$57.36,$119.66,TX,,,,,
1191,2,"2,414",1.6,$115.53,$119.66,FL,,,,,
1192,1,138,1.2,$74.64,$119.66,FL,,,,,
1193,19,"48,768",1.5,$81.00,$119.66,NC,,,,,
1194,24,"2,993",3.4,$206.72,$119.66,TX,,,,,
1195,11,"19,324",1,$83.89,$119.66,CA,,,,,
1196,19,"52,598",1,$68.28,$119.66,AL,,,,,
1197,9,"24,025",0.4,$33.03,$119.66,CA,,,,,
1198,12,"13,587",1.9,$154.23,$119.66,CA,,,,,
1199,1,154,1.7,$120.20,$149.14,SC,,,,,
1200,1,419,4.1,$261.51,$119.66,FL,,,,,
1201,12,"18,506",0.2,$17.76,$153.85,NJ,,,,,
1202,15,"1,801",2.9,$210.59,$119.66,TX,,,,,
1203,9,"20,628",3.9,$286.37,$119.66,TX,,,,,
1204,3,243,6.8,$390.29,$137.61,SC,,,,,
1205,6,404,0.6,$46.00,$119.66,LA,,,,,
1206,8,"31,871",1.9,$134.35,$119.66,SC,,,,,
1207,19,"54,511",2.4,$184.70,$119.66,AL,,,,,
1208,12,"12,618",1.9,$127.32,$119.66,LA,,,,,
1209,17,"17,796",1.6,$138.71,$404.78,CA,,,,,
1210,19,"17,189",1.8,$138.07,$119.66,CA,,,,,
1211,11,"12,410",1.2,$97.32,$188.00,GA,,,,,
1212,6,"55,137",4,$259.27,$175.46,PA,,,,,
1213,17,"37,402",2.6,$228.49,$244.71,CA,,,,,
1214,11,"25,638",4.1,$321.26,$119.66,PA,,,,,
1215,5,"16,329",2.7,$213.30,$128.21,GA,,,,,
1216,19,"51,560",7.5,$506.51,$284.02,TX,,,,,
1217,1,25,1.4,$97.98,$119.66,TX,,,,,
1218,1,91,1.7,$136.90,$119.66,CT,,,,,
1219,1,10,1.5,$82.18,$119.66,TN,,,,,
1220,1,44,1.1,$74.75,$142.03,OK,,,,,
1221,9,"8,524",1.7,$135.75,$134.71,CA,,,,,
1222,1,660,2.4,$181.41,$119.66,NC,,,,,
1223,1,438,2,$161.05,$119.66,CT,,,,,
1224,6,"32,019",5,$493.82,$128.03,NJ,,,,,
1225,1,"1,311",2.1,$156.27,$119.66,FL,,,,,
1226,23,"47,287",1.2,$107.77,$119.66,CA,,,,,
1227,25,"99,983",0.6,$52.96,$121.54,CA,,,,,
1228,2,"1,101",1.6,$156.19,$145.08,NY,,,,,
1229,1,"2,500",0.9,$62.42,$119.66,LA,,,,,
1230,1,138,6.9,$484.50,$119.66,TX,,,,,
1231,4,526,5.5,$427.90,$119.66,TX,,,,,
1232,3,94,1.4,$113.52,$128.21,GA,,,,,
1233,14,"13,618",3.4,$333.79,$134.35,CA,,,,,
1234,12,"41,970",5.9,$403.02,$119.66,VA,,,,,
1235,2,456,5.4,$387.23,$119.66,TX,,,,,
1236,16,"51,516",6.6,$418.20,$200.54,PA,,,,,
1237,1,644,5.6,$357.18,$119.66,FL,,,,,
1238,1,237,1.2,$69.88,$119.66,MS,,,,,
1239,0,14,2,$123.63,$119.66,SD,,,,,
1240,9,"73,301",3.4,$210.80,$405.27,SC,,,,,
1241,14,"31,689",7,$516.97,$119.66,IA,,,,,
1242,15,"53,069",2.8,$222.67,$119.66,MI,,,,,
1243,5,"10,299",3,$278.70,$175.46,CA,,,,,
1244,0,5,1.1,$64.60,$117.18,NY,,,,,
1245,15,"1,930",2.4,$159.30,$119.66,MD,,,,,
1246,2,"1,777",2.4,$150.28,$175.46,FL,,,,,
1247,10,"34,306",6.5,$489.64,$297.89,FL,,,,,
1248,2,354,2.4,$166.82,$119.66,FL,,,,,
1249,1,632,1.8,$179.10,$119.66,NY,,,,,
1250,3,"12,259",5.3,$374.09,$460.58,AZ,,,,,
1251,8,"14,970",0.8,$41.44,$128.21,GA,,,,,
1252,2,"2,896",3.1,$229.40,$175.45,TN,,,,,
1253,4,300,5.3,$307.88,$119.66,LA,,,,,
1254,1,633,2,$148.40,$119.66,FL,,,,,
1255,6,"5,954",20.2,"$1,903.43",$184.86,NY,,,,,
1256,18,"23,642",1.3,$94.69,$175.46,MN,,,,,
1257,20,"20,171",3.5,$198.99,$119.66,PA,,,,,
1258,2,98,2.2,$170.94,$176.26,RI,,,,,
1259,0,16,1.2,$98.03,$119.66,NC,,,,,
1260,2,883,2.2,$214.79,$119.66,NY,,,,,
1261,10,"27,934",6.7,$573.40,$119.66,CA,,,,,
1262,15,"17,894",2.3,$182.85,$118.47,TX,,,,,
1263,16,"16,348",4.3,$302.70,$119.66,TX,,,,,
1264,4,334,2.7,$209.95,$206.14,CA,,,,,
1265,5,"11,932",2.9,$208.24,$175.46,TX,,,,,
1266,8,"47,370",12.9,$923.41,$944.14,MO,,,,,
1267,14,"33,466",4.6,$326.60,$175.46,TX,,,,,
1268,3,"3,465",3.8,$257.31,$119.66,TX,,,,,
1269,8,"10,500",2.6,$169.00,$118.47,AR,,,,,
1270,1,401,2.9,$214.01,$119.66,UT,,,,,
1271,12,"24,988",4.3,$308.77,$119.66,TX,,,,,
1272,11,"17,159",2.4,$173.35,$119.66,WA,,,,,
1273,14,"37,567",3.7,$314.37,$119.66,CA,,,,,
1274,21,"61,735",2.9,$228.25,$290.55,FL,,,,,
1275,6,"12,455",3,$203.14,$141.16,TX,,,,,
1276,14,"32,178",4.1,$306.78,$131.00,FL,,,,,
1277,5,"15,003",3.9,$326.84,$119.66,CA,,,,,
1278,0,16,3.8,$327.81,$119.66,CA,,,,,
1279,5,"1,498",3,$256.00,$119.66,CA,,,,,
1280,22,"47,213",6.3,$528.97,$175.46,TX,,,,,
1281,9,"14,829",4.5,$376.90,$380.83,CO,,,,,
1282,12,"20,510",2.8,$186.20,$55.80,MI,,,,,
1283,12,"16,762",2.8,$189.60,$287.76,TX,,,,,
1284,14,"10,254",4.7,$364.29,"$1,428.78",AZ,,,,,
1285,9,"32,622",7.4,$586.95,$57.55,NV,,,,,
1286,10,"6,293",3.7,$286.01,$119.66,UT,,,,,
1287,19,"13,643",4,$349.67,$175.46,CA,,,,,
1288,6,"11,702",2,$149.14,$119.66,FL,,,,,
1289,2,"3,744",12.7,$912.36,$364.38,NM,,,,,
1290,7,"10,850",6.7,$535.38,$261.93,NV,,,,,
1291,11,"28,320",2,$118.37,$119.66,WV,,,,,
1292,4,"7,909",4.5,$347.07,$119.66,NV,,,,,
1293,15,"30,478",1.4,$77.70,$119.66,MS,,,,,
1294,5,"19,100",6.3,$476.72,$867.68,AZ,,,,,
1295,6,"17,630",0.7,$46.13,$123.38,MS,,,,,
1296,14,"45,937",8,$616.64,$309.45,FL,,,,,
1297,14,"19,869",1.5,$126.21,$55.80,CA,,,,,
1298,14,"19,843",3.5,$286.33,$119.66,AZ,,,,,
1299,11,"25,552",1.4,$108.88,$119.66,TX,,,,,
1300,10,"15,622",9.8,$715.76,$471.70,AZ,,,,,
1301,21,"37,407",5,$406.50,$284.02,TX,,,,,
1302,19,"20,652",1.1,$72.71,$119.66,ID,,,,,
1303,22,"35,267",2.5,$178.75,$119.66,FL,,,,,
1304,6,"6,509",4.2,$328.09,$119.66,TX,,,,,
1305,15,"17,695",2.6,$176.04,$119.66,FL,,,,,
1306,12,"16,394",3.1,$256.88,$206.14,CA,,,,,
1307,12,"14,168",7.9,$698.36,$118.47,CA,,,,,
1308,13,"12,479",1.9,$138.70,$146.08,TN,,,,,
1309,17,"22,212",6.5,$534.30,$118.47,WA,,,,,
1310,1,"1,241",3.8,$239.30,$118.36,FL,,,,,
1311,9,"19,204",4.6,$341.32,$119.66,FL,,,,,
1312,17,"17,352",5.2,$415.51,$181.23,NV,,,,,
1313,19,"64,627",1.3,$103.23,$119.66,TX,,,,,
1314,15,"21,400",3.2,$259.53,$0.00,CA,,,,,
1315,4,"3,704",6.6,$523.51,$175.46,NV,,,,,
1316,8,"14,472",4.7,$330.86,$119.66,TX,,,,,
1317,11,"43,203",4.2,$312.90,$175.46,VA,,,,,
1318,0,1,1.1,$88.96,$119.66,MI,,,,,
1319,12,"10,594",1.3,$103.07,$119.66,VA,,,,,
1320,6,"13,301",4,$250.64,$0.00,TX,,,,,
1321,22,"30,227",1.5,$136.36,$175.46,VA,,,,,
1322,19,"17,932",1,$75.49,$119.66,TX,,,,,
1323,18,"34,667",4.6,$387.60,$119.66,AZ,,,,,
1324,10,"17,027",2.2,$146.51,$119.66,AR,,,,,
1325,11,"17,201",1.5,$115.95,$175.46,CA,,,,,
1326,21,"26,466",6.3,$493.88,$175.46,AZ,,,,,
1327,12,"9,600",2.1,$173.47,$119.66,AZ,,,,,
1328,10,"12,607",1.5,$93.43,$178.07,NC,,,,,
1329,8,"17,694",0,$0.00,$0.00,MT,,,,,
1330,22,"38,086",5.1,$432.96,$119.66,CA,,,,,
1331,3,"5,175",5.3,$396.53,$119.66,CA,,,,,
1332,10,"19,486",8.2,$655.24,$317.75,NV,,,,,
1333,6,"5,161",5,$438.80,$206.14,CA,,,,,
1334,10,"24,218",4.2,$312.50,$119.66,TX,,,,,
1335,1,"5,094",3.5,$287.00,$0.00,CA,,,,,
1336,13,"26,361",1.3,$105.42,$137.08,AZ,,,,,
1337,20,"94,592",2.1,$114.80,$235.07,PA,,,,,
1338,4,"14,542",2.7,$218.95,$128.21,GA,,,,,
1339,11,"20,985",4.9,$304.63,$206.48,GA,,,,,
1340,21,"19,263",8.1,$744.06,$284.02,CA,,,,,
1341,20,"86,083",6.6,$503.10,$175.46,TX,,,,,
1342,3,"4,017",0.7,$56.57,$126.94,TX,,,,,
1343,5,"10,678",0.7,$52.37,$119.66,FL,,,,,
1344,4,"6,064",2.6,$192.90,$119.66,FL,,,,,
1345,17,"24,988",4.4,$328.66,$234.75,FL,,,,,
1346,3,"3,566",3.7,$293.99,$119.66,OH,,,,,
1347,3,"5,136",3.6,$279.10,$119.66,AZ,,,,,
1348,6,"59,525",0.9,$37.17,$114.53,*,,,,,
1349,4,"12,289",1.5,$106.05,$175.46,PA,,,,,
1350,2,900,2.2,$153.47,$119.66,MA,,,,,
1351,8,"14,967",1.7,$126.24,$128.21,IN,,,,,
1352,5,"10,155",3.3,$247.86,$445.31,PA,,,,,
1353,12,"64,176",3.1,$240.33,$119.66,AZ,,,,,
1354,3,"11,995",1.3,$83.77,$119.66,FL,,,,,
1355,4,"5,437",1.2,$88.84,$119.66,KY,,,,,
1356,15,"62,100",6.5,$456.37,$175.46,MT,,,,,
1357,7,569,1,$75.41,$119.66,TX,,,,,
1358,16,"24,550",1.8,$120.35,$119.66,NC,,,,,
1359,1,"1,157",4.1,$314.95,$118.36,NV,,,,,
1360,15,"21,504",1.6,$119.06,$119.66,FL,,,,,
1361,15,"29,017",3.3,$255.09,$119.66,UT,,,,,
1362,10,"9,359",4.3,$273.34,$128.21,GA,,,,,
1363,5,"31,338",35.2,"$2,652.37",$75.17,TX,,,,,
1364,0,3,3.1,$244.90,$0.00,CO,,,,,
1365,2,"2,589",0.2,$15.65,$119.66,TX,,,,,
1366,3,"3,095",8.5,$607.75,$160.96,GA,,,,,
1367,4,"2,863",4.4,$317.71,$119.66,MD,,,,,
1368,1,911,1.2,$80.46,$119.66,AL,,,,,
1369,12,"22,492",1,$75.04,$213.85,FL,,,,,
1370,7,"75,106",2.3,$209.73,$0.00,TX,,,,,
1371,14,"72,079",2,$169.27,$119.66,AL,,,,,
1372,8,"33,858",1.7,$143.24,$128.21,GA,,,,,
1373,13,"21,179",8.7,$689.67,$175.46,CA,,,,,
1374,12,"37,090",0,$0.00,$0.00,PA,,,,,
1375,0,15,4.2,$366.13,$167.52,NJ,,,,,
1376,11,"38,100",2.2,$183.45,$120.02,CA,,,,,
1377,2,"1,016",0.9,$43.41,$119.66,ME,,,,,
1378,9,"12,333",4.2,$372.54,$128.21,IL,,,,,
1379,12,"21,101",1.4,$96.20,$119.66,FL,,,,,
1380,3,"20,426",1.7,$133.45,$119.66,KS,,,,,
1381,3,122,1.7,$142.24,$119.66,MA,,,,,
1382,6,"2,069",3.5,$277.46,$119.66,WA,,,,,
1383,2,177,0.8,$58.21,$119.66,NC,,,,,
1384,4,"5,071",5.5,$426.30,$175.46,AZ,,,,,
1385,11,"34,473",11.8,$933.61,"$1,942.55",CA,,,,,
1386,19,"23,081",2.5,$174.96,$119.66,FL,,,,,
1387,15,"25,627",3.5,$264.74,$239.05,FL,,,,,
1388,11,"26,348",2.3,$183.28,$196.82,KS,,,,,
1389,2,"1,309",24.4,"$1,492.31",$621.95,TX,,,,,
1390,10,"24,130",5.1,$364.98,$404.78,FL,,,,,
1391,1,45,2.6,$186.43,$119.66,TX,,,,,
1392,16,"27,665",1.6,$86.54,$206.48,GA,,,,,
1393,16,"64,702",4.3,$296.39,$322.18,TN,,,,,
1394,5,"8,707",3.5,$319.56,$175.46,CA,,,,,
1395,7,523,5.2,$400.90,$119.66,FL,,,,,
1396,9,"23,431",5.3,$435.22,$119.66,WA,,,,,
1397,17,"52,756",2.6,$188.54,$119.66,TX,,,,,
1398,13,"5,301",0.8,$58.75,$119.66,NC,,,,,
1399,17,"11,065",2,$128.21,$119.66,AL,,,,,
1400,1,587,4.3,$297.86,$119.66,NC,,,,,
1401,9,"14,937",2.6,$202.24,$119.66,MD,,,,,
1402,1,203,1.2,$94.73,$12.64,WA,,,,,
1403,7,"10,454",1.8,$138.01,$119.66,LA,,,,,
1404,17,"43,898",0.7,$57.92,$119.66,UT,,,,,
1405,10,"22,321",0.7,$61.25,$41.08,VA,,,,,
1406,8,"6,441",4.1,$381.76,$214.89,HI,,,,,
1407,2,116,1.8,$144.00,$119.66,OR,,,,,
1408,1,173,2.4,$174.62,$119.66,NC,,,,,
1409,2,347,2.2,$160.07,$119.66,NC,,,,,
1410,17,"41,531",2.8,$210.00,$322.18,SD,,,,,
1411,14,"31,208",0.7,$53.67,$133.59,LA,,,,,
1412,4,290,1.8,$149.02,$140.66,MD,,,,,
1413,10,"72,355",5.3,$340.08,$281.10,LA,,,,,
1414,4,"1,625",4.3,$288.55,$119.66,TX,,,,,
1415,3,191,2.2,$160.08,$119.66,NC,,,,,
1416,5,"9,725",1.7,$134.47,$175.46,VA,,,,,
1417,13,"18,526",1.1,$99.24,$119.66,VA,,,,,
1418,17,"31,761",4.6,$364.48,$0.00,MD,,,,,
1419,20,"91,271",1.5,$99.88,$128.21,GA,,,,,
1420,1,119,2.5,$193.18,$175.46,CA,,,,,
1421,13,"17,922",4.7,$374.25,$119.66,MI,,,,,
1422,5,622,1.9,$156.91,$128.21,GA,,,,,
1423,5,1,2.9,$230.02,$38.36,MI,,,,,
1424,16,"23,824",5.3,$535.92,$119.66,NY,,,,,
1425,17,"40,363",1.2,$92.89,$119.66,VA,,,,,
1426,13,"28,801",5.3,$425.26,$121.21,CA,,,,,
1427,5,"11,565",4.6,$442.98,$221.71,NJ,,,,,
1428,9,"13,730",7.6,$612.48,$175.46,CA,,,,,
1429,6,"4,720",1.2,$104.32,$119.66,MA,,,,,
1430,6,"11,192",11.1,$701.63,$311.14,TN,,,,,
1431,14,"23,553",3.4,$289.37,$119.66,CO,,,,,
1432,14,"40,719",1.9,$107.55,$176.44,MO,,,,,
1433,8,"4,952",0.4,$22.80,$119.66,PA,,,,,
1434,14,"34,402",2.1,$142.31,$175.46,TX,,,,,
1435,12,"21,559",8.1,$598.23,$820.86,IA,,,,,
1436,2,329,2.6,$185.64,$9.73,CT,,,,,
1437,19,"21,192",7.1,$498.47,$260.67,MT,,,,,
1438,3,"4,001",1.6,$102.49,$138.19,MO,,,,,
1439,15,"1,597",0.5,$33.05,$119.66,KS,,,,,
1440,22,"32,750",0.8,$69.55,$119.66,MA,,,,,
1441,12,"37,153",1.6,$98.50,$119.66,FL,,,,,
1442,3,"5,412",3.9,$219.57,$119.66,KY,,,,,
1443,20,"32,387",5.2,$378.87,$322.18,SC,,,,,
1444,19,"45,273",7.8,$543.35,$944.04,TX,,,,,
1445,6,"10,493",9.8,$536.58,$371.24,NY,,,,,
1446,13,"51,313",3.1,$190.01,$119.66,OK,,,,,
1447,15,"41,833",1.7,$107.78,$206.14,OK,,,,,
1448,10,"29,132",4.4,$343.71,$206.14,TX,,,,,
1449,19,"18,423",5.1,$524.61,$175.46,CA,,,,,
1450,12,"62,728",0.2,$14.04,$119.66,TX,,,,,
1451,12,"12,891",5.1,$432.96,$119.66,CA,,,,,
1452,16,"23,584",4.8,$407.77,$175.46,CA,,,,,
1453,19,"33,086",2,$151.41,$119.66,WY,,,,,
1454,14,"27,732",1.7,$111.69,$119.66,MO,,,,,
1455,12,"13,304",6.4,$341.01,$299.63,AR,,,,,
1456,8,"13,785",2.5,$203.51,$119.66,TX,,,,,
1457,18,"12,666",0.7,$49.67,$119.66,NC,,,,,
1458,17,"11,977",5.6,$397.37,$404.78,NC,,,,,
1459,5,"5,065",9,$557.57,$316.56,NC,,,,,
1460,2,56,4.4,$279.70,$0.00,GA,,,,,
1461,16,"43,186",2.5,$175.99,$119.66,TX,,,,,
1462,14,"8,883",1.9,$130.15,$175.46,CO,,,,,
1463,3,"10,471",6.7,$444.77,$654.28,OK,,,,,
1464,20,"25,541",1.6,$114.61,$119.66,OK,,,,,
1465,11,"46,483",2,$132.74,$119.66,TX,,,,,
1466,4,"7,094",2.4,$176.41,$126.81,GA,,,,,
1467,16,"27,723",1.2,$83.98,$119.66,FL,,,,,
1468,1,682,1.3,$85.49,$119.66,TX,,,,,
1469,11,"14,521",7.3,$517.99,$119.66,NC,,,,,
1470,14,"35,720",0,$0.00,$0.00,MA,,,,,
1471,10,"14,117",4.3,$302.72,$0.00,FL,,,,,
1472,13,"14,861",4.8,$365.89,$119.66,NC,,,,,
1473,9,"33,194",3.2,$220.38,$119.66,TX,,,,,
1474,1,"2,286",4.7,$355.63,$119.66,CT,,,,,
1475,4,"15,401",0.2,$11.84,$128.21,GA,,,,,
1476,20,"38,966",6.3,$468.44,$119.66,FL,,,,,
1477,13,"41,072",5.3,$393.26,$119.66,FL,,,,,
1478,9,"31,993",0,$0.00,$0.00,OK,,,,,
1479,5,"16,535",2.5,$196.46,$191.97,PA,,,,,
1480,9,"11,152",0.6,$54.06,$145.56,NJ,,,,,
1481,2,"1,579",1.2,$64.37,$119.66,MO,,,,,
1482,16,"16,016",1.7,$116.12,$119.66,PA,,,,,
1483,10,"23,118",3.7,$229.89,$119.66,TX,,,,,
1484,12,"14,099",4.1,$247.11,$937.07,ME,,,,,
1485,10,"7,367",2.1,$191.30,$153.16,NJ,,,,,
1486,14,"15,497",6.6,$508.82,$119.66,FL,,,,,
1487,4,226,1.1,$75.90,$123.06,PA,,,,,
1488,2,125,2.5,$115.95,$119.66,WV,,,,,
1489,8,"30,595",0.4,$24.86,$119.66,PA,,,,,
1490,16,"42,067",4.1,$318.67,$175.46,ME,,,,,
1491,8,"7,778",1.3,$104.00,$123.36,WI,,,,,
1492,12,"3,119",0.9,$37.66,$188.00,IL,,,,,
1493,17,"13,603",0,$0.00,$0.00,WI,,,,,
1494,3,"8,541",3.2,$151.11,$345.98,GA,,,,,
1495,23,"2,327",1.6,$134.02,$119.66,CO,,,,,
1496,13,"13,521",2.8,$168.00,$118.47,SC,,,,,
1497,1,6,0.8,$59.76,$119.66,CT,,,,,
1498,19,"49,050",1,$63.09,$177.01,KS,,,,,
1499,14,"12,162",2.2,$143.44,$119.66,MO,,,,,
1500,6,"8,123",0.2,$12.78,$119.66,KS,,,,,
1501,7,"6,905",1.8,$96.87,$119.66,PA,,,,,
1502,6,"3,296",1.5,$80.80,$119.66,MT,,,,,
1503,17,"66,301",2.3,$167.44,$121.54,TX,,,,,
1504,3,200,1.3,$92.90,$118.47,WI,,,,,
1505,4,"2,188",2.4,$202.47,$225.60,NJ,,,,,
1506,2,"5,103",5.5,$374.00,$1.85,FL,,,,,
1507,13,"34,379",2,$104.93,$119.66,MO,,,,,
1508,1,41,3,$177.70,$118.36,NY,,,,,
1509,14,"31,196",4.3,$319.47,$175.46,TX,,,,,
1510,6,"5,777",5.4,$398.61,$129.24,OK,,,,,
1511,17,"72,173",2.7,$174.24,$119.66,TX,,,,,
1512,10,"20,781",4.6,$345.34,$219.38,OK,,,,,
1513,19,"32,124",3,$200.59,$348.01,TX,,,,,
1514,4,"1,392",3.2,$248.83,$206.14,CA,,,,,
1515,7,"17,610",12.9,"$1,186.80","$1,859.15",NV,,,,,
1516,17,"16,612",5.7,$422.94,$119.66,FL,,,,,
1517,1,5,2.4,$166.83,$119.66,TX,,,,,
1518,6,"17,334",1.7,$137.86,$128.21,GA,,,,,
1519,17,"32,384",3.3,$236.33,$215.84,TN,,,,,
1520,11,"40,962",2.1,$160.02,$136.91,ID,,,,,
1521,1,411,1.5,$87.35,$128.21,IN,,,,,
1522,0,5,4.2,$384.36,$117.18,CA,,,,,
1523,6,"17,212",0.7,$52.96,$131.03,CT,,,,,
1524,6,"17,211",10.3,$779.35,"$1,583.62",CT,,,,,
1525,2,447,0,$0.00,$0.00,VA,,,,,
1526,1,242,5.3,$358.81,$119.66,OK,,,,,
1527,5,"21,014",1.1,$88.95,$128.21,GA,,,,,
1528,3,"4,748",1.9,$136.37,$119.66,FL,,,,,
1529,6,"15,516",2.3,$109.92,$119.66,NE,,,,,
1530,13,"27,474",1.8,$135.18,$119.66,FL,,,,,
1531,11,"63,333",12.7,$844.82,$0.00,FL,,,,,
1532,26,"95,227",6.8,$551.43,$128.21,GA,,,,,
1533,11,"16,497",5.9,$525.69,$122.76,MA,,,,,
1534,1,22,5.7,$445.27,$119.66,TX,,,,,
1535,18,"7,650",5.9,$494.63,$119.66,CA,,,,,
1536,13,"15,080",0,$0.00,$0.00,NJ,,,,,
1537,8,"22,584",10.9,$859.52,$393.09,TX,,,,,
1538,8,"30,490",6,$450.20,$206.14,FL,,,,,
1539,15,"15,743",6.4,$447.89,$175.46,WA,,,,,
1540,13,"20,593",1.7,$137.86,$128.21,GA,,,,,
1541,11,"35,033",1.4,$97.70,$53.49,KS,,,,,
1542,5,"7,632",3.1,$264.99,$119.66,WA,,,,,
1543,4,"7,459",8.2,$608.44,$119.66,FL,,,,,
1544,20,"55,202",5.8,$413.34,"$1,212.08",OH,,,,,
1545,6,"12,350",0.9,$69.54,$119.66,WA,,,,,
1546,11,"11,327",1.7,$136.35,$346.24,CA,,,,,
1547,14,"40,966",2.5,$193.78,$201.00,AZ,,,,,
1548,10,"39,482",2.9,$167.08,$175.46,OK,,,,,
1549,19,"29,047",2.6,$235.35,$0.00,CA,,,,,
1550,12,"50,272",8.7,$512.12,"$2,107.07",AL,,,,,
1551,18,"56,451",6.5,$450.45,$965.12,FL,,,,,
1552,3,"10,853",6.5,$440.92,$175.46,PA,,,,,
1553,8,"14,746",0.7,$55.27,$119.66,OR,,,,,
1554,12,"15,697",0.2,$14.40,$119.66,FL,,,,,
1555,4,"7,522",1.9,$158.77,$160.34,NJ,,,,,
1556,14,"22,911",7,$535.56,$180.12,FL,,,,,
1557,7,"16,963",1.5,$93.24,$0.00,SD,,,,,
1558,7,"19,539",1.5,$93.00,$175.46,NC,,,,,
1559,6,"20,257",3.6,$269.70,$188.00,IN,,,,,
1560,19,"42,000",2.4,$269.19,$175.46,CA,,,,,
1561,18,"31,241",3.5,$251.04,$119.66,NC,,,,,
1562,8,"10,626",3.3,$235.85,$287.56,KY,,,,,
1563,9,"19,006",1.3,$94.51,$128.21,GA,,,,,
1564,10,"19,350",5.1,$370.77,$345.20,GA,,,,,
1565,6,"14,174",0.9,$67.47,$0.00,AZ,,,,,
1566,12,"16,678",2.2,$154.49,$174.27,LA,,,,,
1567,2,"2,389",3.4,$285.03,$338.48,UT,,,,,
1568,10,"26,163",2.2,$150.85,$175.46,FL,,,,,
1569,8,"40,212",1.2,$111.60,$143.48,NY,,,,,
1570,0,3,0.7,$44.43,$0.00,PA,,,,,
1571,6,"7,966",1,$46.17,$119.66,IA,,,,,
1572,5,"2,184",1,$74.50,$44.00,VA,,,,,
1573,13,"18,846",10.9,$716.70,$373.12,PA,,,,,
1574,8,"13,922",1,$73.00,$175.46,MN,,,,,
1575,1,414,6.3,$540.32,$284.02,MA,,,,,
1576,21,"83,836",1.6,$129.88,$119.66,CA,,,,,
1577,0,2,0.6,$38.08,$0.00,PA,,,,,
1578,1,187,1.7,$139.08,$118.47,VA,,,,,
1579,20,"1,397",8.2,$461.17,$119.66,VT,,,,,
1580,8,"15,755",15.7,$981.25,"$1,030.24",PA,,,,,
1581,1,"1,042",2,$153.51,$23.13,NV,,,,,
1582,0,1,0.3,$19.04,$0.00,PA,,,,,
1583,9,"14,558",2.3,$162.63,$339.90,NY,,,,,
1584,5,"6,794",0.4,$28.36,$119.66,NC,,,,,
1585,0,2,0.2,$12.69,$2.81,PA,,,,,
1586,2,108,0.7,$52.93,$132.89,PA,,,,,
1587,9,"30,640",4.3,$297.54,$175.46,FL,,,,,
1588,9,"30,735",8.9,$615.82,$858.49,FL,,,,,
1589,13,"19,030",1.8,$129.70,$119.66,NY,,,,,
1590,2,167,1,$75.14,$119.66,CT,,,,,
1591,2,841,1.8,$148.79,$119.66,MA,,,,,
1592,0,5,4.4,$338.22,$117.18,MI,,,,,
1593,15,"34,018",4.1,$298.75,$119.66,FL,,,,,
1594,19,"63,904",4.4,$339.97,$261.16,TX,,,,,
1595,20,"65,651",5,$386.33,$175.46,TX,,,,,
1596,7,496,1.4,$91.51,$119.66,LA,,,,,
1597,7,"14,422",0.7,$48.66,$131.70,FL,,,,,
1598,9,"11,229",2.6,$176.06,$119.66,TX,,,,,
1599,18,"14,233",4.4,$385.77,$153.16,NJ,,,,,
1600,6,"14,155",2,$155.40,$119.66,RI,,,,,
1601,1,405,1.4,$136.69,$119.66,NY,,,,,
1602,1,444,1.6,$141.76,$119.66,NY,,,,,
1603,17,"75,587",5,$421.29,$128.21,GA,,,,,
1604,19,"35,645",3,$189.90,$188.00,GA,,,,,
1605,9,"16,481",1.3,$85.33,$119.66,PA,,,,,
1606,12,"30,104",2.1,$220.82,$17.76,CA,,,,,
1607,10,"27,328",0.6,$44.69,$175.46,TX,,,,,
1608,16,"56,013",4.2,$281.40,$119.66,TX,,,,,
1609,5,"7,131",0.2,$9.45,$119.66,VT,,,,,
1610,2,115,3.4,$261.57,$146.25,NJ,,,,,
1611,13,"32,894",0.7,$49.10,$123.69,TN,,,,,
1612,12,"17,432",13.2,$982.19,$651.81,FL,,,,,
1613,7,"15,085",4.6,$340.71,$119.66,AL,,,,,
1614,15,"31,720",10,$695.09,$192.89,FL,,,,,
1615,2,"6,740",3.8,$205.14,$407.00,FL,,,,,
1616,9,"47,314",5.6,$356.69,$119.66,FL,,,,,
1617,12,"13,073",3.9,$273.54,$132.86,OK,,,,,
1618,15,"29,786",0.7,$55.78,$126.51,KS,,,,,
1619,1,147,0.8,$78.11,$119.66,NY,,,,,
1620,11,"15,565",33.9,"$3,234.41","$2,046.03",HI,,,,,
1621,0,2,2.1,$185.08,$0.00,CA,,,,,
1622,14,"17,195",4.5,$318.10,$371.59,IL,,,,,
1623,13,"28,125",3.5,$306.53,$152.05,NJ,,,,,
1624,23,"33,011",1.8,$129.04,$119.66,PA,,,,,
