"Id","Expected"
1178,-2.34298440575176
4954,-0.657428693134183
1269,0.33236850339504
5269,-0.33458390292081
143,1.41232795098371
2531,0.607572561885839
3219,1.30074088771976
967,1.5267328141961
4567,-0.0301446481018167
5281,-0.142622526923079
4662,-0.560097714169262
3001,0.313658689358638
3508,-0.0980895102320706
2266,0.578384338425149
218,-1.07357799616471
5501,0.734421169471901
3789,0.540281921619917
2262,0.732892052392738
1108,0.421011114298613
4679,-0.649141137337099
674,0.857615559770973
5547,-0.667285661890919
1395,-1.59519882852518
3936,0.00905127369422242
3706,0.744205058447765
415,2.29622696040835
4471,-0.732422986121944
4880,0.42815402494114
4335,-1.622570047449
1870,-0.478154744670848
4115,-0.62150697694618
2459,0.375328375004466
797,-2.56219579886484
2918,-0.821713021641639
1389,0.66092727039843
1927,1.95396464623496
2242,2.01261200400864
3284,-0.726404994416438
650,1.28973223650361
4396,1.46443163588487
4877,-0.777076310179763
1487,0.276431953386926
58,-1.08073746667111
1820,-2.09749591184523
5323,0.88406407534622
4795,-1.09601179540343
5040,2.09145889237003
1832,-0.617594735802292
1314,-0.404084681993448
2296,1.13853348706234
3280,0.374092790849494
2111,1.05240757613869
4642,1.8521231621895
5817,0.239342461126092
2632,0.591216009647687
1248,-0.285216983992356
611,0.853001680631713
3472,-0.0797681404040008
422,0.514256796378552
5463,-0.62817520877016
2362,-0.363607506937684
1441,0.0388457894008686
2329,-1.79878969087387
2937,-1.05185319179494
3173,0.409256115776485
968,1.0371951478791
3270,-0.892137989603993
4482,-0.961008417465727
4738,-0.80301155862006
1010,1.3212954583308
1888,0.292519645958581
1414,-1.42985325897982
4136,1.44223136085235
5178,0.60150466354685
1143,1.83227665425681
1172,-0.486254703464929
321,-0.766377228261206
206,-0.0974832027277676
4815,-1.84127611812998
5191,-0.11004733129353
418,-0.0284957475969793
2838,-0.348416354585949
523,-0.528841271484058
1332,-0.0386916681803291
1787,0.900370176141075
200,0.617152235357313
4985,-0.850550301541745
1894,-0.504903137025616
1557,1.1257662960637
1410,-1.57131380591422
4191,0.0799479685177151
2634,-1.3244436563575
4801,0.794997277888614
3914,0.261768405263082
3165,1.56208065959325
16,0.24268132751805
1432,-0.474795754354781
146,0.208762637621022
3824,1.06775561408127
5169,-1.7086384180611
1615,1.93061678332556
1205,-0.44271531648256
1047,-0.0218335548018902
4895,-0.150610566055988
1338,0.366574094288893
1666,0.0250815967942938
5845,0.0145985114054333
3530,1.56973116030956
2300,1.08945066415762
3949,-0.424076449518146
1144,-0.744860701222075
4613,-0.338825025436369
5590,0.715558698611006
3449,1.36988802357048
1954,-0.43613490663845
632,0.377273842407347
5208,0.31213546035382
4512,0.18918767627652
1087,-0.443484088902656
4179,0.264712487409185
357,0.502054228455008
5572,-0.381327280232026
4009,0.777594200299735
3417,-0.0450940826754789
2109,-1.32075923824245
1377,-0.155112143573634
3594,1.49291723413071
2728,-0.813340046771042
1627,1.10094014812151
4767,-1.17139460527328
323,-1.41376307396597
4558,-0.271396551991127
1864,0.435559326809725
2776,-0.312621072181684
4890,0.485340459659948
989,1.02385637525783
2903,0.519403545814371
5575,-0.0443893038956351
1345,-1.32427037389869
4228,0.144418322242088
2805,-2.03622309235121
5186,0.718923035846633
5506,-0.792726578281351
3089,-0.73191142387805
4653,1.02872706467431
3384,1.05219889339071
3939,-1.08994667293305
345,-0.940937514904192
1678,-1.3230063513266
3780,-0.933638339457449
4902,0.0442546017234772
5373,0.0137078231265427
4428,0.571154032447608
3722,2.05917797690206
4527,1.51462047835192
2234,-0.356417049213079
3360,-0.129611801075599
5339,-0.283888363015223
2444,0.917061652447608
4052,-0.57643540565488
1985,-0.273353326985706
4079,1.07311251757574
2025,2.48151556013906
1658,0.627923790362089
5512,-0.760183666975606
2287,-0.455419408416729
5221,0.729651754490174
3445,0.543745087744893
5147,0.622489998756911
3106,1.23928115226324
3809,0.0807811886949125
2821,-0.280802354086816
4480,0.937320306960507
1987,0.198544299961874
1932,2.01504265620129
1312,0.639143042794447
3131,1.07282508211434
3210,0.533583917968896
458,1.11758124409233
1535,1.18184306819084
470,2.23415015352887
732,-0.415665005879241
439,0.367854744592773
1873,1.68679886445112
1792,-0.691443019388361
5136,-0.435261693167739
1731,-0.898351852065413
2434,0.465839245071785
4300,-0.619143205316605
3704,-0.388184995975647
2371,-0.0482081604761729
1916,0.151925696077708
4002,1.47079633966862
2420,-0.309505956961182
2739,0.156776398782712
260,1.5838811183331
4279,-0.331071233181178
2170,-0.647848724062077
1668,0.258410892883661
5002,0.837377745008236
4520,-1.40801646647249
934,-1.41690339944228
77,-0.60437135756835
3031,0.562780697246617
2308,1.01329046983047
878,-0.145437723432275
2992,-0.51755345113035
3288,0.686879315295695
3463,1.1171690520093
1602,-0.636144809014618
194,0.256211086586686
1216,-0.638494771772695
1355,0.106406985045221
4408,2.04261988354932
4130,-0.125651877117361
943,0.589636099789951
3600,0.77324442309711
9,0.87545442409015
702,0.732596833487411
491,-1.29335780221127
2533,-1.13194863095675
193,-0.0749836177803078
116,-0.994599452174261
4719,0.0106147187930148
4812,-0.386378013518967
856,0.680897030208742
2445,-1.02931058921852
1897,0.147083406247085
1789,-0.781242766558999
563,-1.3471628970095
3778,1.35697408281191
3153,-0.226175443040915
3727,-1.16563561424656
3900,-0.0360931550456116
1368,2.13413394102734
5751,0.326663003947748
2008,0.477132424243751
5602,-0.854881455826319
4448,-0.461784246477729
2239,-0.426268725197691
2343,-0.488349344497249
2024,-0.450741667538999
3650,1.41029998927942
5366,-0.00617930288934882
3149,0.0684686136660792
2811,1.12524328836656
5561,-1.85785722647624
2213,-0.170127797428792
4855,-0.375003690122872
876,-0.798894407868076
3770,0.260935984354613
1898,-0.330543575388371
4268,-0.221513171358833
3158,-1.24058120043578
4030,-0.426359792125676
4658,-0.591300179348858
3783,0.276493212074582
5711,-0.917471046286493
1688,0.650341726473404
3268,0.161499842589315
2701,-0.492199262986863
5514,-1.6926472297198
2645,-1.69399398718272
215,-0.158234156994482
3362,0.530542969731541
3956,-0.275390072718635
3289,1.15394327406851
2904,-0.59331302713105
1165,0.825999279457278
580,-2.9098104804643
4149,1.48426494224621
4870,1.28633375903026
3245,0.313045817723182
3235,0.311589040311621
5110,-1.13369466640773
2263,-1.24325034425284
4720,-0.669073445909355
672,0.318501155614369
3014,-0.266881910151654
1020,1.17641189486896
3330,0.0363699154447908
5605,-0.729728629627187
3619,0.172396896682098
3166,0.731089117796146
2264,-0.611532746895123
5686,-0.74846943464164
2487,0.570493339988437
5400,2.11378509766249
3656,1.29832349459219
2292,-1.74511536496676
2787,0.970056960846287
4418,0.844387895528835
690,-0.0716044649726032
5793,-0.497261897377439
1128,-0.0588127048591108
873,1.31555820196753
4588,1.08198927103542
5065,-0.676133060848467
1717,1.64753164890076
309,-2.05609127128532
2929,0.528552766023272
3162,-0.287187986458403
4759,-0.755947217690328
1064,-0.222442608980364
2214,-1.68620487338126
4661,0.0397696477135133
5824,0.129518848517557
1543,-0.783339278413816
2469,-1.82362958691248
5080,-0.663530388607624
5259,1.14371182754415
3969,-0.167214249068525
665,0.138029029837196
5106,1.5142043887277
1607,-0.706062234780241
3251,0.483985317161621
5174,-2.43636605164516
62,1.17275889697524
544,0.195459679740741
5294,0.0834766885356638
3887,-1.91720277165574
2635,0.248419075207937
5418,0.0688623213069566
4693,-0.887567725421126
620,-0.328502087152935
4652,1.80496649896656
5596,-0.533573993706316
2626,-0.158914661561621
4391,-0.692578551517417
5396,1.48474407947081
1896,-1.82636644569957
1647,0.577764400573287
5819,0.819703701606373
4577,0.882509680862713
1036,0.113749054098542
5144,0.599185985632153
2476,-1.08067479730709
2960,-0.0225892187276351
1074,0.177246596201931
278,-0.0553580827055414
4695,-0.347610669150299
2936,0.705212749702625
2935,-0.601360902035106
2467,-0.758382953990089
654,0.366374622493288
4034,0.693511070771906
1133,0.0934791427628627
886,-0.0126496850859496
4424,-0.0927676416732793
1490,-0.0461739404274409
5168,1.16862927444894
1948,-0.149519733059859
247,0.634977655389541
4437,-0.219671469859649
5197,0.614665513982766
1783,0.788593662760114
4733,1.62393878375189
4781,-1.15891501469788
74,0.207168925904986
4476,-0.454203922550031
2419,0.23589860814765
3581,-0.667122751511198
4430,0.636073658771261
5032,1.81347018529291
1540,1.69860893528036
2669,2.17521438814419
4470,1.34674081783589
4404,0.0131599371234745
1141,0.704424785996284
2298,0.0769944417884892
1574,-0.745883188885719
5298,0.500286888269424
4499,-1.87522265853801
1025,0.221015284996411
3051,-1.67281229213697
4754,-0.489980915209018
2954,2.21671554766911
1680,0.783918095657832
4918,0.18713384277831
3121,-0.483958735705395
4047,-0.0609053213211607
1166,0.190194215182171
1623,-0.370928852853859
5352,-0.392255757674704
2536,-1.22783671007408
1510,1.33771222988603
3473,-0.182656675138281
63,-0.731939238802387
2941,-0.575676840681887
4056,0.324649925962768
3613,0.355228441139772
3931,0.646215519496281
3334,-1.00284496889699
2470,-1.04408004609023
5195,-0.496465560254414
1275,-0.631315521036624
445,-0.254243018859636
5148,-0.713924525247707
3459,0.371688610473595
1459,-1.40242463211915
4429,1.0736344154028
1856,-1.84543370504613
4440,-2.01881129988637
3997,0.877392771319406
2867,0.237082839887398
3762,-0.923807743996756
2322,-0.0273573332066209
2984,0.658493538965136
5560,0.476746086850826
5210,0.407377076373275
2846,0.373713861794736
5292,-0.312746561492158
3385,0.983763185941089
3116,0.332373994017936
158,0.668724694004889
5243,-0.57660712493281
4379,0.142560830298946
3977,0.613178420938316
5782,0.0650159017063659
4951,0.552406485720784
226,-1.20861554200436
1270,0.634312763052244
5130,-0.658312219633389
694,1.33459481677634
3635,1.71307951031426
2563,0.488595629992636
4536,0.133426115370445
3950,-0.340139994964903
2837,3.06957881112828
4547,2.18949357472616
1044,-1.25000637139462
1816,0.0723349023854964
4306,0.0162757213051678
1498,0.602865593959421
3731,-0.483573682363587
2441,0.552478103660489
5187,-1.18270321562634
2842,1.70993217037912
4387,1.00875060713493
5499,0.732227102692668
2091,-0.84098991838466
1972,-0.236004166054446
2133,1.40165644482499
4692,-0.165157964386997
5529,0.227949836134049
5604,1.68545261193046
859,0.803170956604497
3043,0.415296749722867
5407,-0.918969606305216
1452,1.09257137826723
474,0.370115519372908
4178,0.240236697107215
3886,0.152699491967017
4581,0.54474609099039
1516,0.755553996073291
1145,0.128130706246214
4921,-1.99109179652611
2489,1.12478858994381
339,-0.800948535071844
3561,0.0986379591839369
5479,-0.204514133897893
5571,0.684795869394391
575,1.22244170168461
3252,1.44757966477459
515,0.671201331745565
3746,-1.29742778820896
361,0.0334398428663764
1583,1.77849659627515
2517,-0.47713997865573
1353,-0.566326341198715
2693,-0.480429882409832
3109,0.375548727674271
2065,0.205961453976862
5117,0.158799813704774
5491,0.300421597925036
2117,1.80868877685381
3705,0.82861913230702
2046,-0.20813753311653
5033,1.50777300655966
3359,-1.04288836114421
2841,-0.844206455746381
3247,-0.693450073678416
1126,0.378159336061819
802,-0.650768123400087
3169,0.293465981739206
211,0.705509847973855
4737,-0.385497659536285
1749,-0.282688142207738
2973,-0.84012699471541
5777,0.372229475507871
1677,0.313357448588953
1579,-0.01752692251893
2832,-0.00057175615377509
612,-0.730414708953752
3987,0.487352938743052
704,-0.545786492409973
4646,1.0989552742339
5527,-0.817939084622569
4854,0.294930670409978
4770,0.517599046728934
4113,-0.479967966635148
185,-0.26970609673705
1065,3.02603168227753
2562,-1.49634368164694
1598,-0.197880263933748
5428,1.47578754564882
4989,1.47273881339039
2388,0.334900858000039
4319,0.107381439229736
4600,2.14953599664718
1110,0.516079302047574
2453,0.315712342229026
1435,0.918219997726735
3847,0.555385886497304
4152,0.567315161454915
3584,0.429258984118055
3350,0.0647162711383316
1138,-0.679890148481778
4332,1.48069931701219
1002,0.549097965234892
1196,0.399276007367073
5256,-1.19440162574747
3468,1.24641290715821
3024,-1.01193281754742
3660,0.144273243639531
246,-0.113459883561063
4296,0.918737332167015
5361,-0.532168896152474
453,1.51204848133844
1161,0.595806854436862
4760,0.978503296442386
3604,0.500681129116463
5264,-0.652812614364448
5196,-1.07285308430827
972,-0.459703422702988
2535,-1.58358669516527
997,0.509722988627456
2180,-0.549291048230665
5037,-0.491295049530876
2818,1.4542362922708
5026,1.19011750471308
990,-0.580601312968879
245,0.531054230963931
4914,-0.0309838388207813
2069,-0.345744055562014
776,-0.244918341802943
5704,-0.453018525288065
688,0.990420991035351
3421,1.220233908014
4698,0.174008976139547
5314,0.662707823350927
4517,-0.267202333834319
933,-0.475621479448834
5313,0.832298892091979
2862,0.765400445226647
256,-0.0184906776209818
3760,-1.66013710496908
1428,0.841950664394292
4308,-1.95816482234877
3881,2.32027542869797
1570,-0.564866632665265
5557,1.16801746843744
1646,0.434481599596521
4866,0.180613431492727
4830,-0.752765695579358
1421,-0.449033954653536
3117,0.349094095796837
5013,-0.295884382005154
5783,-1.6338890310934
297,0.379179007720976
4632,-0.364618977829804
5450,-0.163734073231768
2555,-0.404304230852933
534,-0.0619617062747484
3179,1.04325126074937
4194,-0.331635690272437
762,-0.0455893651824834
1298,-1.80815592646563
186,1.00617158503529
2137,-0.245222765503916
4863,-1.6062375393599
5189,-1.44667975942918
442,-2.66812102072397
3830,0.160317728261797
18,-1.28826206787921
4280,-1.90070594864674
5128,0.159785000070842
940,1.06442032862951
4438,-0.852137628132638
2340,-1.0939625713358
3645,-1.28547358237922
123,-0.149835578801917
4838,-0.826376605893431
3504,-1.20715356824863
289,0.0920576401429796
5265,-0.19854050003751
3227,0.187472336757026
3176,0.235743976584405
4250,-0.821997477393532
752,-1.20415339817943
3327,1.40041282198484
3216,0.407974345826319
811,-0.128109959107418
999,0.423150196443018
5541,-2.19881655298272
3757,-0.512859155463804
3541,0.50461402724741
4193,-0.372080093727013
2042,-0.361144420432021
701,-1.06401994880079
5167,0.545794169309861
2030,2.04176058872058
79,-0.708120599752027
3791,-0.492519781755368
1641,0.306206886515111
5310,-0.434893210958448
5549,0.648539739893022
3206,-1.1167850376881
3571,0.875165447665656
4627,0.0174445674312834
4206,-0.427916900262438
2101,-0.67260547430301
2282,-1.93953400082834
5413,0.785992202371457
5857,0.657075908549932
3828,-0.222226948433261
3693,0.418632581302469
4741,0.984233038305155
366,0.677041940463311
2599,-0.128744336810444
2026,1.48157136871419
4552,0.553293874230307
310,0.945200914189331
2900,0.726585995002454
2951,-0.38547080457444
2135,1.46236238109733
1347,0.848139027244468
2546,-0.125520142658175
1409,-1.20165620153335
3393,-0.908116045289394
1099,-1.27730472021106
1858,-0.138221821524264
4412,-1.86839041719658
5513,-1.94818571187558
4944,-0.515906005448064
2808,-1.37473382145862
5807,0.966143326339203
2649,1.15899850504948
1769,0.5356511048523
3835,-0.630063895911744
4621,0.476849461020748
1596,1.30372089809639
3486,-0.99477695714663
1190,-0.0765206189208189
721,-0.16639650507937
4439,0.618644425438204
2747,1.51917842862054
305,0.312966367647342
3323,1.78948302200635
1713,-0.0821639723025683
4806,0.737459599498531
1046,-0.446259477449329
1525,0.201890736923147
2578,1.82172326184384
5802,-1.27214784489944
1649,-0.517803789966236
2072,1.3705707123172
870,0.302027219552752
3957,0.583992014488816
3922,-0.34733631833113
265,0.461228749347803
4177,0.378327818928759
4346,-0.0532729197049193
1188,0.402839731328278
4677,0.203514146316012
979,-1.33586503650476
3919,-0.176301837092016
490,0.420647862135412
5823,0.150904994040836
1256,0.161697777171694
3686,0.259239918841041
869,-0.327521941696507
4053,1.96362931510453
3301,0.97180994882952
1949,0.00110035294096546
4861,0.748729584728715
432,0.159055593405276
3557,-1.35887703258393
3090,-1.02687027646843
4663,0.595380846276322
1842,0.337746132660615
5495,-0.35973113453293
526,-0.710330860405642
4578,-0.0505579878269719
3072,0.798386293165789
301,-0.924998872786277
2503,0.328344747659284
3455,0.0255131390145162
5088,-0.230574488040635
3136,-0.745182854949175
1885,-0.370360613900795
909,-0.36564979164798
2797,0.173657886685057
2395,1.16945526735049
1026,0.872742027437954
1304,1.09107466018487
2084,1.16191671853446
1935,1.34741058009876
5713,-0.228126161699831
3462,-0.159002720121484
1491,-0.889948344839052
842,-0.510403560913548
761,-0.580704854511986
3618,0.757404502854805
2848,-1.736181853011
3189,-1.85183272252835
5865,0.171499131229921
3457,1.50329361703272
379,0.361914151721973
5415,0.389164175798073
467,-0.261392729094106
1676,-0.485650040470535
5765,-0.916006936711129
5328,-0.4439446245834
3701,1.00235213799576
2032,0.629520425713786
564,0.326965269623776
15,0.77080295128131
5552,1.11270429314845
2887,-0.0438903674358845
1847,0.207524856099595
3122,-0.940238814678539
2958,1.22772115027006
1686,-0.582207785490282
4664,0.342983087912322
1840,0.664538860041001
2407,-1.00569390506191
3067,-0.295618839859505
5477,0.227986980970765
4937,1.38225797276355
827,-0.974617495129968
3095,0.151257429859902
2359,0.730171839811397
1967,-1.60283880734452
2390,-0.981107368536199
5531,-0.768465399484606
4584,-0.0104928952789258
4351,1.65587869749986
3825,-1.27219415502386
81,0.667546465955472
1265,1.14823049888338
3423,-1.26316587331301
5755,1.61012880206205
3893,-0.0417327901392076
1659,0.483325576976308
1251,-0.00764704522769011
810,0.662137070446186
4325,0.0549841624927925
2303,1.68867919770767
2232,2.18269750110338
5585,1.4750511769542
850,0.250532250956895
96,0.0398515414495367
5427,-0.682491970240519
3928,0.569502888648018
4617,-0.731108726593069
4029,0.5540145226857
4386,0.455683098721953
2070,-0.947790434172116
686,-0.228282222230013
2365,0.279016109483612
5457,-1.21149160872964
3387,0.339597309356698
2295,-0.614192613093285
1401,-1.30442845501569
5600,-1.52260902807783
5875,0.570124794756198
5387,0.78777662906028
2590,1.53523984420166
2890,-1.13781119965265
1268,0.946871745034629
751,-0.472275083380065
4068,0.19091201370295
2093,-0.168782259157865
5486,-0.482665374435417
941,0.206658634290342
1449,-0.729583405626531
4271,-1.338904809201
3849,0.348481098388871
1043,-0.238629944604121
530,-0.469502709813312
3038,0.346290318602476
3134,-0.334862295508854
147,-1.459747898043
1626,1.64352979930368
4458,-0.186023084386739
1276,1.36343723519122
4910,1.79508517541997
4234,-0.168281062016884
5326,-1.57517363337354
4594,0.36469724122642
1712,-0.801938425590119
1959,0.803876259599959
2878,-1.82657999382102
4147,0.384897369122541
2548,0.465711343414954
2993,1.47919986219487
2311,1.13402089693096
2711,-0.989647433231034
1732,-0.41801204847155
3154,-1.77682936628048
4091,-0.225662594364008
298,-0.52604087635302
1886,0.454489910014299
353,0.637525324482571
1914,0.299048359672855
258,-0.0967083979759176
3785,1.05874846271811
4094,0.243941734378769
4390,-0.327974308582056
5691,-0.350213833448456
706,-0.0694202959449566
1423,-0.162640085332315
782,0.581699325505785
4263,0.693912621174571
4259,2.0057029863037
5656,0.346438946658177
5562,1.80668785200682
4685,0.366941985109992
1335,0.092273627905217
2228,0.319962642354147
5565,-0.55268646895469
3194,1.19496386507297
3105,-0.174755797901677
3820,0.411290530215267
296,-0.858991798463656
5283,-0.333934021129345
1192,-0.0650280738804945
2277,-0.487834419404584
1003,-0.78055154129897
553,-1.74214320319014
68,1.13697353426948
5389,1.07183623334416
1289,-0.510918518819908
262,0.564488328232795
1697,-0.699392760804512
3774,0.452695980071544
4185,0.563116219607376
2336,1.10167570797158
5740,2.7384611427531
3663,1.25710916124135
4648,-0.437488378917798
4569,0.0926731883596372
5062,0.687253336208587
4506,-0.62061748745458
1689,0.081116227906914
221,-0.0520463424821285
4799,-1.76440829698758
4595,0.21659047193743
4165,1.23675347958936
267,0.983706599341644
394,-0.086436903406029
4212,0.416340741538834
503,0.261257984891427
4968,-1.7764666589559
4035,-0.550942367353998
4943,0.939141452486571
3941,1.54145200208266
5698,0.370999418340524
5405,0.466721605152117
3521,0.805984693271499
2122,2.03490210521593
5099,-0.921909192878524
4326,1.51752676493031
5712,1.65076611173495
5441,-1.99407472032693
2898,0.370986530913958
5063,-0.623286600560144
1684,-1.52877341777657
2865,-1.21811984164646
3672,-0.199496589444913
5152,0.311271854093284
4771,0.36862041912295
4086,0.486237855261931
4455,0.915332548863273
2606,-1.0740650099466
4238,1.55842964096077
274,-1.02921880326846
2969,-0.636727705279667
4958,0.210184122767824
3720,0.680421471408161
2901,-0.0133821551608438
3544,0.399332902804103
1136,0.408568451059896
4090,0.146151301641476
5582,-0.842839762238973
5009,0.976735052699481
993,-1.01860358183017
4597,-0.0922530817263831
4060,-0.210333400567239
983,0.433631753658048
3610,-1.16416681815749
5384,0.575205469253981
3518,1.39408600426854
4645,0.130563114905731
1483,-0.603593739206047
4550,-0.168220421608292
2923,1.32494178594365
1057,0.854617941108056
5368,0.892711644320471
4580,-0.0322500931086504
2920,-0.731186273691582
2299,-2.23536802686695
4077,0.264726873870952
1224,-0.988044773016872
1193,0.20016996864638
825,-0.53461768683074
5663,-0.207240884073714
5356,0.957142960928001
3903,0.799376832140064
212,0.259120311545257
3781,-0.0331764666110593
1122,-0.32992630713503
1103,1.02127358925979
137,2.69259883051945
330,-0.184876851499292
3605,0.385372230709185
4197,-1.8406051037226
867,-0.637912582902629
2856,-1.53334114096922
1447,1.04241936233254
1431,-0.124256491796478
4260,-0.868000851653279
2305,-1.83276345835955
4316,-0.324592434145144
1775,-2.14348969478042
378,-0.425288101566717
3869,1.26187657692667
2915,-2.23318245419469
5636,-0.131940859669144
3172,-0.169593729646128
1158,-1.23637433196735
3333,0.698441599994565
2926,-0.0566818101881521
5138,0.346711429767715
2284,-0.357672319284195
3049,1.27148273614418
1098,0.507679969495812
2559,0.341616255967509
4841,-0.878777405123658
3578,0.687164904347184
5093,-1.18875898828293
120,0.611175642493762
5067,0.0593208226590553
3220,0.341163584056243
3260,-0.992041347209977
4940,-0.0522761936728311
2409,1.17072371376005
3689,0.681317216662964
4545,0.0753474482683163
5716,-1.15588724176668
1360,0.384929390944103
5655,0.00314795914339942
1309,1.18641108375867
2906,-0.192980682509625
4409,0.604304229800304
444,-1.97741472179963
5160,0.8771827392902
2132,0.981474838527457
4082,-0.776360589693626
4500,-0.0219289184089784
2195,-0.154596175116242
757,0.415625247148982
5274,-0.270883924463277
3915,-0.549577093689716
4493,-0.322833511726982
835,1.13754346814954
4365,0.60052083141844
5046,0.971079671723578
4208,2.47538222330521
1645,0.712547010638832
1109,-0.179429970196819
3818,-0.856663305520635
84,-1.42296710049013
3230,1.54140878338215
2197,-0.170106672047682
5607,0.748724020679648
579,1.91338364805104
3239,0.170859252039828
5523,0.178799240032866
3044,0.24976913328938
240,1.05912997481459
1952,-0.60344096063226
2378,-1.09640931164529
2938,-0.629220483872897
1390,0.620725893310865
954,0.321072835474359
4023,1.05905741874437
1066,0.181806285650376
4253,0.427968853883171
1965,0.0395033570977986
3963,1.11771473072306
203,0.589592344963463
1439,0.590635077803058
5724,-1.83661660416559
2509,-1.26514168872696
2047,-1.51754732541904
2000,-0.344661070765446
165,0.832462174584197
4207,1.46010825216513
899,0.88376085415977
3228,-1.33428237607955
1142,0.622807656515139
808,0.230876231068836
4800,-0.519962046111633
4939,-0.0949231310238406
2176,0.807805297977556
1384,1.91062702205228
5021,0.304399697820409
1493,-1.25945335071172
3076,0.385648168311006
5200,-1.03491359125181
3751,-0.347510853422736
4108,-0.238596562517407
2516,-0.509285794950963
2641,-0.0436136251299495
529,-0.139647864164184
3379,0.199663447480288
2532,-0.71262823113027
393,1.34354512751365
2215,0.816450991359158
405,0.670708280521312
1281,1.95964290611843
1636,-0.640055969406956
191,1.14304724514586
5535,-0.995318155185389
5336,0.0779781884344798
2545,-0.618666605541535
1250,-1.72791528123617
2073,0.766027891042259
2189,-1.0586706526298
5095,-0.0175676615167704
2501,-0.741872942286845
3356,-0.430059791995987
155,-0.932077753192328
1992,1.27767995266768
3152,-2.47391528467709
1576,1.19370296632618
1163,0.274669374477721
2156,-0.744202100027491
3164,0.418999535640372
978,2.01002388515564
2572,-0.491757686468922
4601,-0.304227456138143
2541,0.116195725125532
4038,0.918863740526595
139,-0.355160227792995
4069,0.32689060564349
5551,-0.412836996645255
2418,0.652950624449671
2550,-0.694251865002314
812,-0.0382343812355283
5322,-0.690848018456933
2715,0.636124927980272
118,-0.402806585693907
1545,-0.368411229173552
4241,-1.95156513865796
5599,0.591266277137672
3401,-0.318801957673626
2385,1.02526855972581
1466,-0.503138176647938
1113,-0.102695906322129
5343,-0.847910203274749
479,1.23920010656806
2045,0.700643961731364
3467,0.986746847336881
2094,1.11180214086514
3302,0.713494302053001
2582,-0.229152140661545
3380,0.765059140403091
322,-0.809946177896345
5248,-0.0564051718418632
4299,1.15223186068818
648,0.182365760721541
414,-0.0471307896112031
255,0.258242316652649
5193,0.941797501388136
2249,-0.655494533320488
5030,-2.1738134166662
468,1.40715297422813
5746,2.00361130173105
3070,-0.0848353753177016
3853,0.770086541559157
741,-0.958065160665301
2523,1.14701637582233
975,-0.94554718926661
1386,-0.239626841518401
4078,-0.886242081793011
1246,-0.213464654486386
5386,-0.818999422238164
747,0.251451633963414
2520,-1.23637828605335
4986,-0.342858374626465
633,0.223089827150654
1705,-1.62479721046829
2331,-0.00459540867630991
2363,-1.52611168483384
4461,-1.14800417643883
5524,1.16905792237896
3200,-0.556257401067255
759,1.13076271723574
2919,-0.459112096682635
5372,-1.64803028405844
3685,-1.13840414159756
3113,0.545135103322161
4603,-0.947257007859448
4095,1.41276880872976
5422,1.02827291156978
3595,-0.0226763948990657
337,-0.510903279435208
510,0.776067253502329
3201,-0.336775815558956
1600,-0.42082781195731
1572,0.0808246744252943
5151,0.200947814816682
767,0.144447386628786
3351,-0.503858915990941
3872,1.53321193410948
2820,1.47922757678615
88,-0.114505239133236
851,-0.238825628409053
4015,0.069348164154825
4380,-0.736770552310037
4322,-1.55462435748977
5646,0.324999238801426
3882,-0.545431527146446
926,0.994972134122239
1699,-1.19353703916382
243,-0.491036520075567
4490,0.162600614460607
2629,-1.16892357128657
5,0.268848548157165
3885,-0.0681496620258849
5763,-0.529610175272959
818,-0.0890209555958959
5429,1.05209175350799
2496,-0.147749757990065
552,-0.774513517707607
5708,-0.0756445637840177
471,0.691136731253683
1433,-0.0273749087790874
1297,-1.55414292374241
4256,1.43980424185145
4565,0.177646782662197
4166,1.05271683778679
5853,-0.141215217164223
4385,-0.17288732302027
1815,-0.893247415839266
666,-0.141398050137738
2979,-0.214747548017311
5404,-0.120324328179999
1253,0.692459702816529
2178,1.05301005291838
3478,-1.29064844141999
781,1.01324464318283
1462,-1.10030468298414
2480,0.30793811765389
1093,-0.294343532883517
5170,-1.84036068882199
5833,-0.318816157537475
1407,-0.102560768805717
2426,-0.801031628107829
359,1.23512362007826
2344,-0.105239683108125
5718,-0.202435727996213
4614,-1.81610004452046
4774,-0.0931564831802111
2853,-1.95899581509617
280,1.56450122525346
5327,-0.960626637088222
1880,-0.224003359158025
4298,-0.54100505533782
3234,0.496693966322526
2427,-0.345457999423997
1964,-1.54950275432436
3028,0.388904055334673
1839,1.20345987017577
1844,-0.261568643302393
1484,0.524285213233424
1156,-1.713607231545
4903,-0.286214559133272
2196,-1.13037713123437
2724,-1.40080056755134
426,0.747294734321413
3291,-0.609201439407474
3905,0.862744373355125
4678,-1.07310246877289
3458,1.33965460064197
3787,0.145916952861239
2057,-0.57522986957686
2190,2.61213922325747
1724,1.14003101075675
5121,0.65643358082688
1520,0.203430052466834
4716,-0.516888670008892
1456,0.288390161597994
1505,0.751043620546106
4190,-0.637444518101452
2492,1.25019822916782
400,0.612601097094288
457,-1.1530800238996
3481,-0.992324974917113
5578,-0.378016843828998
5563,0.124875973382622
3279,-0.574311810472157
1458,0.623986175845264
3546,0.641812713188398
307,-1.55938594989321
4044,-0.297202970410825
285,-1.61663400798852
3074,-0.122361020618023
2369,0.323030786870991
2522,0.472862542167021
803,-0.0406700802419369
4368,1.11073880128425
1244,0.203459174902694
3823,-0.854276759361832
718,0.443565932358263
5229,0.154595275931815
1674,-0.573650720105982
1017,0.000212821977724996
164,-2.07182652140069
2015,0.201723205925457
293,-0.332636631085376
5542,0.0509885055769481
23,0.127235617585266
4420,-0.129377200994376
4198,0.470995382372068
4507,1.19676427806368
3558,1.64108032150545
1230,0.984830979169829
92,-0.0332252897258513
3482,0.618733358394316
4769,-0.331696423578621
5166,-0.21866630690099
5461,-1.79985292232137
287,1.84449478505771
847,1.45711277669075
893,-0.0843521172276129
5566,0.110790350331736
4027,1.10036549988406
4033,0.983399964992803
1336,0.299238410053831
3341,1.12241606212897
1283,0.599929945447091
177,0.525534785164111
5409,-1.49440226906264
3444,0.479837380498479
1453,-1.10889650651643
4366,2.02901746569675
4050,0.854804235747459
711,1.06367922651593
2895,0.836687468455477
2676,-0.897873794618706
2220,0.308638815646503
1023,-0.303592013895995
2446,0.480910689775645
1438,0.363810084899812
4282,-1.42705081082749
5433,-0.442544044231234
2647,0.151128038472653
1236,-0.869346762182487
2078,-1.46804135889097
4204,-0.534900124380089
4773,-0.501702579408703
4236,1.17394505204359
4277,1.08663877408137
5180,-0.829161103682957
4845,-3.15370283595136
3319,-0.882175172676638
4324,-1.66190993810332
2316,-0.396660168424597
5390,-1.5581990938198
4670,-0.654186774762975
3013,-1.14064569924398
3405,-0.799562648531493
3834,-0.725581600217008
4843,-0.255015449028069
3769,-0.543529972162544
1073,-0.353932093131895
4656,0.641965179858705
4286,0.0686585749212641
2671,-0.245948626859436
1160,0.314820112181901
2011,-0.780889955756258
2860,1.10669664756506
5797,-0.139879700041409
3755,1.71404110250091
2800,-0.455915670149698
1637,-0.21700518095513
2905,-0.974435355942782
2279,0.17307471674635
3826,-1.08629592946961
3609,-0.505004477380247
5354,0.567801005143128
4820,-2.05289615756476
4882,-0.945723283779082
5391,-0.493125442695934
2209,0.578047823020506
4875,-0.40086573277399
793,-0.531052178707364
5628,1.36979180888277
5412,2.07469027364575
2007,-0.641307000286687
2587,-1.70840178899008
3796,-0.0960744710693774
4330,-0.511781102196838
5805,-0.284994990491108
4772,0.33936734096784
5733,-1.19607794635857
5772,0.186935149316516
3438,-0.220701386893356
4181,0.576081854779096
4075,0.387886930439549
4290,-0.384190325623564
4134,0.619717142935657
5367,1.34115276177636
3852,0.152843284060997
2537,1.15370038433567
216,-0.235222162110435
2099,0.640587588856001
1960,-0.048512443745974
1780,1.12125467873457
5217,-1.65027967573434
1957,0.805178195515051
4141,-3.12093392735703
395,-0.0173165461617531
675,0.654308852291687
2799,-0.832523731584093
5871,-1.76255786232064
2375,-1.32210201742426
320,-0.486177650608013
729,0.192071947522773
5472,-0.613509249944624
2627,-0.669653053845158
4735,-0.893443400447995
188,0.308458696987374
4913,-1.68410532182599
4269,-0.899266725354836
386,1.30248625984304
3212,0.994521603485424
4361,0.0457875254912184
641,0.367803597529582
1878,0.536119247417171
2066,-1.18800194761359
4446,1.93182536261008
3707,-0.869352554438641
3855,-0.497692794769049
4479,-1.34336529209133
259,1.61506624424636
2173,-2.20884062990821
4220,0.208131231875317
4623,-1.42125726229318
585,-0.145912676934665
421,-2.63405251305495
2779,-2.02582339278335
1051,-2.04259223181479
3114,-0.092990310616905
556,1.58802832239054
4080,-0.622765571849336
5570,0.906848279538232
2403,0.264620254837246
1622,-0.322601777269005
4752,-1.44279416762336
38,0.841073078317481
2128,-0.363028393872944
5734,1.21047068541265
4518,-0.388611248224781
4897,-0.134663621482246
4017,-0.338651073814631
4492,-0.171566383636639
1214,-0.132906628704953
3119,1.32237347533164
2558,0.233673393194407
3771,0.263447488868505
3894,0.640163521022551
627,0.392971364301766
5219,-2.50804453459125
1946,-0.137234505058727
4487,-0.21065452767691
4288,-0.48112798023998
916,-0.329838263878404
5351,-0.772236004422361
1081,0.809544424959964
70,-2.10851366294281
622,-0.583373756963938
4625,0.162775165091054
1316,0.16633211547218
5701,-0.573433521833885
2726,1.74283428637906
3776,0.918641792077252
5261,1.49344861306555
5834,2.65530913789347
4021,-0.873046796760829
3608,1.19197174626326
169,-0.672893848600191
1791,0.716565156213991
2366,0.201404252256532
59,-2.29458680676525
1829,-0.262231923630916
3593,-0.0402567476151276
2283,1.58936959047136
41,-0.489053833831125
4243,-2.26793178098431
5753,-0.20019374627298
4858,0.441273774890436
821,1.35911838577417
5079,-1.66929849699875
1913,0.0224972892921804
308,-0.547547561092038
2593,-0.0745445517273226
2755,0.715891866115061
3559,-0.428231500989055
2273,1.86262184000941
3015,-0.397415138939645
3611,-1.70328533576227
5001,0.857874013526689
2729,-0.0899073002910323
1912,0.350976893270709
717,2.04088430540179
5522,-0.354952389767782
730,2.83066841512327
110,-0.151438467121439
3342,-0.456573432318086
54,-1.33944204912029
2957,-0.521764922598804
1481,0.198328034720865
2786,1.39486565314491
3739,0.428344405474298
1279,0.410195577528903
1162,-1.01101731747165
5194,-1.36083281542758
4226,-1.59826750831348
4294,0.302645423735462
5508,0.0277024702513591
2100,0.663525992970778
4156,-0.251155324424018
1714,-0.809518427161794
2505,0.196916656693449
4987,1.29263460892524
5377,-0.727060724716399
619,-0.799891571459837
1895,0.911384514419774
1849,-0.0619125460787002
2461,1.4688312593896
225,0.0767018439761785
5393,-0.759258241127951
5825,1.15495646446907
2103,2.04676798108407
3499,-2.67038058639009
4935,1.37782085397381
1734,-0.244896656876665
2986,-0.256649259217113
3036,0.548325080314915
809,-1.24987834481049
1476,0.477298360894851
1479,0.00475257682995229
2561,1.29944062389944
2839,-0.417421303603218
275,-0.845558017271411
657,-0.558820674825269
4485,0.430023787374361
4624,-0.406645121622293
261,0.121998452571132
4622,0.599654925103686
2637,0.399991335282374
5518,1.46383841888644
2584,0.834715365912486
2146,0.261562526165477
448,0.206919909676279
1174,-0.0116921591970483
681,-0.836233362734582
1552,0.555783409666618
607,1.61068117758776
4169,-0.493697166824413
5705,-0.0828187316611971
2625,-0.412804809496683
3986,0.195046905759176
922,-1.52596499183528
4114,0.541173631374007
1609,0.264989681568595
2113,1.23530607756688
4384,2.22058314461997
3577,-1.31480259511423
1294,-0.904084209071736
1940,-0.74467371771271
3990,0.481458210054549
3687,1.06834736766078
547,0.510272212515058
4051,-1.17301776103029
2393,0.398607402508346
663,-0.806037852668756
4043,-0.322478899950916
5091,-0.00153523368714598
874,0.118165768114139
1119,-0.877837756194642
5207,-0.922311697220955
3032,-0.841799182818038
1321,1.44503725289945
2668,-0.0443384683475778
5619,1.78340138584738
5638,0.775572140050537
5874,-0.424395112858254
1827,1.39802935294758
1357,-1.55040051263167
1350,2.63687163469068
4187,-0.472898204590141
208,0.959219417262925
1519,-2.35485777853911
5100,-0.760765925461955
4589,-0.456752860952716
5635,0.640014474966566
846,1.00240097364026
5214,0.105747571058695
3631,-1.88285531185955
5487,0.0536690520353758
4359,0.670997604339099
1855,0.462351079537506
2792,0.848328954450147
3192,0.609971888618254
3493,-0.17009831911281
5521,-0.149522386304374
2377,-0.196240589504738
4112,-1.46295446842542
2088,-0.604104046630093
2864,-1.55910455910965
551,-1.63191527764552
1341,0.00960430565753139
2019,-0.0238937801915534
1910,-2.32469008440445
5621,-1.90557352068532
3265,0.540638079481841
3802,1.16835281281301
2389,0.301157452305471
4003,-0.852085561010816
2247,-1.20463949346685
3283,1.97269321846001
1744,-0.544007958866162
1565,-1.69250690603001
1186,-2.02164316685154
4171,-0.761692035803445
3700,-0.525068888009275
3452,-0.149680574558274
5036,-0.597828890572882
1723,0.45592292305901
5737,-1.65631458236288
142,0.59735079893706
2773,-0.760298690855264
3016,-1.5375925273834
2738,0.607993850278734
562,-2.11389620607638
4804,-0.176765228738234
1919,0.435368124856802
3027,-0.437031941175785
3523,-0.0975732476431342
816,-0.0532692675225738
3574,0.216641295116497
635,0.274952405289183
595,-1.03968476215843
2620,-0.488116690562734
5624,-2.26730001797195
1197,-2.05602133881806
3657,-1.11554513134127
2334,-1.00494852911932
5706,0.55273771896339
4394,0.149311129679903
4740,0.635127881950253
197,1.22708925735576
5206,0.659400149460009
311,-0.032284833535324
4313,0.972882023343231
3304,-0.101789922971138
4004,0.918075815165034
316,-1.29390268256378
1851,1.09564055875319
184,0.734191902174838
775,1.48454060981247
2185,-0.0864839530758559
3082,-1.00596099116035
2246,-0.96732422440677
1656,0.40008395495034
4432,0.811876371705987
3363,0.752297179379299
1939,-0.0623662335184458
1907,1.39522260662784
4504,0.386236689220304
2017,-0.422531140539673
4382,0.531759621632796
332,0.239237717188147
5614,2.37088083931052
3625,-1.40632799245455
4874,1.11842627193768
2507,0.8521457595314
4496,0.0980717970494806
4849,1.48708274047999
4956,-0.977435989479226
955,-0.789588856730236
1706,-0.815842507557387
3155,0.762180510318407
773,2.03467072117369
2596,0.190654397365515
1365,0.733086559819563
1201,-0.515858367474162
2009,0.442731386544408
1091,-0.896737575634454
4544,1.10118192744717
2825,-0.310453659927758
2732,-0.72282995678145
2,-1.33568255126129
3159,-1.30010225619699
5066,-0.452766694751989
2727,-0.105483754974084
3009,0.684548727553549
565,-1.0878855399742
2219,-0.3264601382828
1060,-0.142694668143926
3450,1.04634187278543
959,-1.20001882744503
3061,1.82647472540712
1830,0.637893663128519
1181,0.520114094939454
3851,-0.974275497530805
5687,-0.0705223863020569
473,-0.169139996005867
4172,-0.122124534025829
2730,0.362633056470405
2577,-0.209623890298566
2396,0.0594589408491898
27,-1.01670670392104
3777,1.05129053443257
603,-0.12211966255928
3225,-1.71882324281699
3066,-0.169423382109951
3860,1.30822933637221
4494,0.384110459600441
3195,-0.176034677563716
3891,0.153062183211086
5554,0.174121225181044
4008,0.609101414554364
894,-1.15520150636029
1509,0.434891167890042
1254,-0.0583643794065974
2689,1.37575096181077
5287,-0.4637965995482
2795,0.203740982314592
4896,0.0747505529287311
1370,-0.630187139902825
1411,-0.532056606304714
411,-1.35013907980012
5446,-0.162111770348047
1811,-0.505169727382363
2733,1.35764409381594
532,0.101062343844287
1846,1.41290255413938
4321,-0.108651326414078
4200,0.50394207775151
2040,-0.297536523452995
5337,-0.797221360914645
5027,-1.42720979012604
1273,-0.316817622910972
3494,-0.727340886241269
792,-0.20703417847542
1692,1.21425345884636
2285,-0.931895583560597
1262,0.709531973699839
2380,-0.642734062742413
484,-3.02443226875124
1682,0.776857142177195
3391,1.78318888312821
3929,0.444615870051534
1468,0.746067750014739
1804,-0.821376057257431
3077,-0.36930676463596
71,-1.04014908020505
5435,-1.03648352786965
5052,0.821484522403016
3073,-0.731656374905793
19,-2.8050630420324
3068,-1.1569492376834
4977,0.635707266395642
4400,0.0125352659129683
986,0.277854073971043
5798,1.46594497315658
5627,-1.09398917305571
1208,0.862968058935131
2874,0.154687190752228
2804,0.85756401392441
5019,0.756041586341956
932,0.0160659952476407
3242,-0.969962877313265
131,1.29699188463599
1653,0.551985319142172
1399,-1.31981886897378
2610,-1.18997927860863
1882,-0.760792687956023
3988,0.655784142433927
375,0.0461500817276106
2743,0.231055257585821
5839,0.143786676134899
1258,-0.475372094006614
1902,1.05515354743242
1245,0.142969158989351
1040,1.16838919430349
5576,0.82226550742145
465,0.711308374912532
3053,-0.663536033402245
80,1.40165755484236
3367,-0.186426997666312
1794,0.0365587821810562
4651,-1.02893072108985
2411,-0.687390742372664
2090,-1.59222361180585
5759,0.754233798294073
931,-0.770428569868249
5335,-0.863771590577456
2348,-0.131787651707933
2538,0.0284980297421656
4842,-0.315602178082609
2782,0.465878572722911
32,-1.73718533008887
2376,-1.06896869018861
1831,0.835293956365695
2757,-1.2052043453987
481,-1.91162598577688
